Name,Price,GPS,Connectivity,Heart Rate Monitor,OS,Touchscreen,Battery Life,Storage,Image
Samsung Galaxy Watch7 40mm Bluetooth Smartwatch - Cream,$409.99,Yes,No,Yes,Wear OS,Yes,40 Hours,32 GB,https://multimedia.bbycastatic.ca/multimedia/products/500x500/179/17984/17984633.jpg
Samsung Galaxy Watch FE 40mm Bluetooth Smartwatch - Black,$279.99,Yes,WiFi and Bluetooth,Yes,Wear OS,Yes,30 hours,128GB,https://multimedia.bbycastatic.ca/multimedia/products/500x500/179/17977/17977354.jpg
Samsung Galaxy Watch Ultra 47mm LTE Smartwatch - Titanium Grey/Orange,$779.99,Yes,Yes,Yes,Wear OS,Yes,80 Hours,32 GB,https://multimedia.bbycastatic.ca/multimedia/products/500x500/179/17984/17984628.jpg
Samsung Galaxy Watch7 44mm Bluetooth Smartwatch - Silver,$449.99,Yes,No,Yes,Wear OS,Yes,40 Hours,32 GB,https://multimedia.bbycastatic.ca/multimedia/products/500x500/179/17984/17984636.jpg
Lenovo Smartwatch S2 Pro Fitness Tracker with Body Temperature Activity Tracker Heart Rate Monitor Blood Pressure Blood Oxygen Sleep Monitor IP67 waterproof Smart Watch for IOS and Android,$69.99,Yes,WiFi and Bluetooth,Yes,AndroidOS,No,20 hours,128GB,https://multimedia.bbycastatic.ca/multimedia/products/500x500/157/15762/15762638.jpeg
Garmin vivoactive 5 42mm Bluetooth Smartwatch - Ivory,$399.99,Yes,WiFi and Bluetooth,Yes,Garmin OS,No,40 Hours,32 GB,https://multimedia.bbycastatic.ca/multimedia/products/500x500/172/17247/17247081.jpg
Google Pixel Watch 2 (GPS) 40mm Silver Aluminum Case with Porcelain Active Band,$249.99,Yes,Yes,Yes,Wear OS,Yes,40 Hours,64GB,https://multimedia.bbycastatic.ca/multimedia/products/500x500/172/17257/17257422.jpg
Open box - Samsung Galaxy Watch6 (GPS) 40mm Smartwatch with Heart Rate Monitor - Cream,$199.99,Yes,No,Yes,Wear OS,Yes,30 hours,64GB,https://multimedia.bbycastatic.ca/multimedia/products/500x500/173/17390/17390468.jpeg
Samsung Galaxy Watch Ultra 47mm LTE Smartwatch - Titanium Grey/Orange,$779.99,Yes,Yes,Yes,Wear OS,Yes,80 Hours,32 GB,https://multimedia.bbycastatic.ca/multimedia/products/500x500/179/17984/17984628.jpg
Garmin Instinct 2 45mm Bluetooth Mutlisport Smartwatch - Graphite,$399.99,Yes,No,Yes,Wear OS,No,30 hours,32GB,https://multimedia.bbycastatic.ca/multimedia/products/500x500/159/15956/15956047.jpg
Open box - Samsung Galaxy Watch6 (GPS) 44mm Smartwatch with Heart Rate Monitor - Graphite,$204.99,Yes,No,Yes,Wear OS,Yes,30 Hours,64GB,https://multimedia.bbycastatic.ca/multimedia/products/500x500/173/17390/17390465.jpeg
Fitbit Versa 4 Smartwatch with Fitbit Premium & Heart Rate Monitor - Black,$199.99,Built-in GPS,No,Yes,FitTrack,No,20 hours,32GB,https://multimedia.bbycastatic.ca/multimedia/products/500x500/163/16390/16390440.jpg
Garmin fēnix 7X Sapphire Solar 51mm Bluetooth Multisport Smartwatch - Black/Titanium Back,$1199.99,No,No,Yes,Wear OS,Yes,20 hours,64GB,https://multimedia.bbycastatic.ca/multimedia/products/500x500/159/15929/15929845.jpg
Fitbit Sense 2 Smartwatch with Heart Rate Monitor - Blue Mist,$269.99,Built-in GPS,No,Yes,FitTrack,Yes,30 hours,128GB,https://multimedia.bbycastatic.ca/multimedia/products/500x500/163/16390/16390438.jpg
Samsung Galaxy Watch7 44mm Bluetooth Smartwatch - Green,$449.99,Yes,No,Yes,Wear OS,Yes,40 Hours,32 GB,https://multimedia.bbycastatic.ca/multimedia/products/500x500/179/17984/17984635.jpg
TUTT C20-Pro Men Military Rugged SmartWatch Speaker Pedometer IP68 Waterproof Outdoor 1.83'' HD Tactical Watch Sport Fitness Modes Heart Rate SpO2 GPS Exercise Long Battery Life.,$68.9,Yes,iOS Android,Yes,Wear OS,Yes,30 hours,64GB,https://multimedia.bbycastatic.ca/multimedia/products/500x500/173/17339/17339914.png
Samsung Galaxy Watch7 40mm Bluetooth Smartwatch - Cream,$409.99,Yes,No,Yes,Wear OS,Yes,40 Hours,32 GB,https://multimedia.bbycastatic.ca/multimedia/products/500x500/179/17984/17984633.jpg
Garmin vivomove Sport 40mm Bluetooth Active Smartwatch - Black,$239.99,Yes,No,Yes,Garmin OS,Yes,30 hours,64GB,https://multimedia.bbycastatic.ca/multimedia/products/500x500/159/15926/15926062.jpg
Garmin vivomove Sport 40mm Bluetooth Active Smartwatch - Ivory,$239.99,Yes,No,Yes,Wear OS,Yes,40 Hours,64GB,https://multimedia.bbycastatic.ca/multimedia/products/500x500/159/15926/15926063.jpg
Open Box - Samsung Galaxy Watch7 40mm Bluetooth Smartwatch - Green,$369.99,Yes,No,Yes,Wear OS,Yes,40 Hours,32 GB,https://multimedia.bbycastatic.ca/multimedia/products/500x500/182/18249/18249081.jpg
Fitbit Sense 2 Smartwatch with Heart Rate Monitor - Blue Mist,$269.99,Yes,No,Yes,FitTrack,No,30 hours,32GB,https://multimedia.bbycastatic.ca/multimedia/products/500x500/163/16390/16390438.jpg
Google Pixel Watch 2 (GPS) 40mm Black Aluminum Case with Black Active Band,$249.99,Yes,Yes,Yes,Wear OS,Yes,40 Hours,64GB,https://multimedia.bbycastatic.ca/multimedia/products/500x500/172/17257/17257424.jpg
Garmin epix (Gen 2) 47mm Bluetooth Active Smartwatch - Silver/Slate/Steel Back,$599.99,No,No,Yes,Wear OS,No,20 hours,64GB,https://multimedia.bbycastatic.ca/multimedia/products/500x500/159/15929/15929829.jpg
Garmin fēnix 7X Sapphire Solar 51mm Bluetooth Multisport Smartwatch - Black/Titanium Back,$1199.99,No,No,Yes,Wear OS,No,30 hours,32GB,https://multimedia.bbycastatic.ca/multimedia/products/500x500/159/15929/15929845.jpg
Garmin epix (Gen 2) 47mm Bluetooth Active Smartwatch - Black/Titanium Back,$799.99,No,No,Yes,Garmin OS,Yes,20 hours,64GB,https://multimedia.bbycastatic.ca/multimedia/products/500x500/159/15929/15929830.jpg
Samsung Galaxy Watch Ultra 47mm LTE Smartwatch - Titanium Silver/Dark Grey,$779.99,Yes,Yes,Yes,Wear OS,Yes,80 Hours,32 GB,https://multimedia.bbycastatic.ca/multimedia/products/500x500/179/17984/17984630.jpg
Garmin fēnix 7 47mm Bluetooth Multisport Smartwatch - Silver/Graphite/Metal Back,$599.99,Yes,No,Yes,Wear OS,No,30 hours,32GB,https://multimedia.bbycastatic.ca/multimedia/products/500x500/159/15929/15929842.jpg
Fossil Gen 6 44mm Smartwatch with Heart Rate Monitor - Brown,$429.99,No,No,Yes,Garmin OS,Yes,30 hours,64GB,https://multimedia.bbycastatic.ca/multimedia/products/500x500/156/15674/15674582.jpg
Garmin vivoactive 5 42mm Bluetooth Smartwatch - Black,$399.99,No,WiFi and Bluetooth,Yes,Garmin OS,Yes,30 hours,32GB,https://multimedia.bbycastatic.ca/multimedia/products/500x500/172/17247/17247082.jpg
Fitbit Versa 4 Smartwatch with Fitbit Premium & Heart Rate Monitor - Black,$199.99,Built-in GPS,No,Yes,Wear OS,No,20 hours,32GB,https://multimedia.bbycastatic.ca/multimedia/products/500x500/163/16390/16390440.jpg
Garmin Forerunner 55 Bluetooth Running Smartwatch - Black,$269.99,Yes,No,Yes,Garmin OS,No,30 hours,32GB,https://multimedia.bbycastatic.ca/multimedia/products/500x500/155/15546/15546366.jpg
Samsung Galaxy Watch7 44mm LTE Smartwatch - Green,$519.99,Yes,Yes,Yes,Wear OS,Yes,40 Hours,32 GB,https://multimedia.bbycastatic.ca/multimedia/products/500x500/179/17984/17984631.jpg
Samsung Galaxy Watch7 44mm Bluetooth Smartwatch - Green,$449.99,Yes,No,Yes,Wear OS,Yes,40 Hours,32 GB,https://multimedia.bbycastatic.ca/multimedia/products/500x500/179/17984/17984635.jpg
Samsung Galaxy Watch FE 40mm Bluetooth Smartwatch - Pink Gold,$279.99,Yes,WiFi and Bluetooth,Yes,Wear OS,Yes,30 hours,64GB,https://multimedia.bbycastatic.ca/multimedia/products/500x500/179/17977/17977356.jpg
Google Pixel Watch 3 (GPS) 45mm Matte Black Aluminum Case with Obsidian Active Band,$549.99,Yes,Android,Yes,Wear OS,Yes,20 hours,128GB,https://multimedia.bbycastatic.ca/multimedia/products/500x500/181/18150/18150268.jpg
Google Pixel Watch 2 (GPS) 40mm Gold Aluminum Case with Hazel Active Band,$249.99,Yes,Yes,Yes,Wear OS,Yes,30 hours,64GB,https://multimedia.bbycastatic.ca/multimedia/products/500x500/172/17257/17257423.jpg
Garmin Venu 3S 42mm Bluetooth Smartwatch - French Grey,$599.99,Yes,WiFi and Bluetooth,Yes,Wear OS,No,20 hours,128GB,https://multimedia.bbycastatic.ca/multimedia/products/500x500/172/17213/17213160.jpg
Samsung Galaxy Watch FE 40mm Bluetooth Smartwatch - Black,$279.99,Yes,WiFi  Bluetooth  and Cellular,Yes,Wear OS,No,30 hours,64GB,https://multimedia.bbycastatic.ca/multimedia/products/500x500/179/17977/17977354.jpg
Google Pixel Watch 2 (GPS + LTE) 40mm Black Aluminum Case with Black Active Band,$299.99,No,Yes,Yes,Wear OS,Yes,40 hours,64GB,https://multimedia.bbycastatic.ca/multimedia/products/500x500/172/17257/17257429.jpg
Samsung Galaxy Watch Ultra (GPS + LTE) 47mm Smartwatch with Heart Rate Monitor - Titanium White,$779.99,Yes,Yes,Yes,Wear OS,Yes,20 hours,32GB,https://multimedia.bbycastatic.ca/multimedia/products/500x500/179/17984/17984629.jpg
Fitbit Versa 4 Smartwatch with Fitbit Premium & Heart Rate Monitor - Waterfall Blue,$199.99,Built-in GPS,WiFi and Bluetooth,Yes,FitTrack,No,30 hours,32GB,https://multimedia.bbycastatic.ca/multimedia/products/500x500/163/16390/16390439.jpg
Garmin fēnix 8 47mm AMOLED Bluetooth Multisport Smartwatch - Spark Orange/Graphite/Carbon Grey,$1479.99,No,WiFi and Bluetooth,Yes,Garmin OS,Yes,30 hours,32GB,https://multimedia.bbycastatic.ca/multimedia/products/500x500/182/18245/18245808.jpg
Fitbit Versa 4 Smartwatch with Fitbit Premium & Heart Rate Monitor - Pink Sand,$199.99,Built-in GPS,Yes,Yes,FitTrack,Yes,30 hours,64GB,https://multimedia.bbycastatic.ca/multimedia/products/500x500/163/16390/16390441.jpg
Garmin fēnix 8 51mm AMOLED Bluetooth Multisport Smartwatch - Spark Orange/Graphite/Carbon Grey,$1619.99,No,Yes,Yes,Garmin OS,Yes,30 hours,32GB,https://multimedia.bbycastatic.ca/multimedia/products/500x500/182/18245/18245811.jpg
Open Box - Samsung Galaxy Watch Ultra (GPS + LTE) 47mm Smartwatch with Heart Rate Monitor - Titanium Grey/Orange,$629.99,Yes,Yes,Yes,Wear OS,Yes,80 Hours,128GB,https://multimedia.bbycastatic.ca/multimedia/products/500x500/181/18172/18172431.jpeg
Samsung Galaxy Watch7 44mm Bluetooth Smartwatch - Silver,$449.99,Yes,No,Yes,Wear OS,Yes,40 Hours,32 GB,https://multimedia.bbycastatic.ca/multimedia/products/500x500/179/17984/17984636.jpg
Open box - Samsung Galaxy Watch6 (GPS + LTE) 40mm Smartwatch with Heart Rate Monitor - Graphite,$239.99,Yes,Yes,Yes,Wear OS,Yes,30 hours,32GB,https://multimedia.bbycastatic.ca/multimedia/products/500x500/174/17477/17477958.jpeg
Open Box - Samsung Galaxy Watch7 (GPS) 44mm Smartwatch with Heart Rate Monitor - Silver,$319.99,Yes,No,Yes,Wear OS,Yes,40 Hours,128GB,https://multimedia.bbycastatic.ca/multimedia/products/500x500/181/18172/18172402.jpeg
Samsung Galaxy Watch7 40mm Bluetooth Smartwatch - Green,$409.99,Yes,No,Yes,Wear OS,Yes,40 Hours,32 GB,https://multimedia.bbycastatic.ca/multimedia/products/500x500/179/17984/17984637.jpg
Garmin Venu 3S 42mm Bluetooth Smartwatch - Ivory,$599.99,Yes,No,Yes,Garmin OS,Android 2.3+,25 hours,64GB,https://multimedia.bbycastatic.ca/multimedia/products/500x500/172/17213/17213158.jpg
Garmin Venu 3 45mm Bluetooth Smartwatch - Black,$599.99,Yes,No,Yes,Garmin OS,Android 2.3+,35 hours,64GB,https://multimedia.bbycastatic.ca/multimedia/products/500x500/172/17213/17213163.jpg
Garmin fēnix 8 51mm AMOLED Bluetooth Multisport Smartwatch - Black/Carbon Grey,$1619.99,Yes,WiFi,Yes,Garmin OS,Yes,30 hours,128GB,https://multimedia.bbycastatic.ca/multimedia/products/500x500/182/18245/18245812.jpg
Garmin Forerunner 165 45mm Bluetooth Running Smartwatch - Medium / Large - Black/Slate Grey,$339.99,No,WiFi and Bluetooth,Yes,Garmin OS,Android 2.3+,30 hours,128GB,https://multimedia.bbycastatic.ca/multimedia/products/500x500/177/17718/17718742.jpg
Samsung Galaxy Watch6 44mm Bluetooth Smartwatch - Silver,$449.99,Yes,WiFi  Bluetooth  and Cellular,No,FitTrack,Yes,20 hours,128GB,https://multimedia.bbycastatic.ca/multimedia/products/500x500/171/17166/17166725.jpg
Garmin Lily 2 30.4 mm Bluetooth Smartwatch - Coconut,$339.99,Yes,WiFi and Bluetooth,Yes,Garmin OS,Android 2.3+,25 hours,32GB,https://multimedia.bbycastatic.ca/multimedia/products/500x500/176/17650/17650584.jpg
Garmin vivoactive 5 42mm Bluetooth Smartwatch - Orchid,$399.99,Yes,WiFi  Bluetooth  and Cellular,Yes,Garmin OS,Android 2.3+,40 hours,64GB,https://multimedia.bbycastatic.ca/multimedia/products/500x500/172/17247/17247083.jpg
Garmin Instinct Solar 45mm Bluetooth Mutlisport Smartwatch - Graphite,$329.99,No,WiFi,Yes,Garmin OS,No,30 hours,64GB,https://multimedia.bbycastatic.ca/multimedia/products/500x500/148/14800/14800465.jpg
Fitbit Sense 2 Smartwatch with Heart Rate Monitor - Lunar White,$269.99,Built-in GPS,No,Yes,FitTrack,No,20 hours,32GB,https://multimedia.bbycastatic.ca/multimedia/products/500x500/163/16390/16390442.jpg
Garmin epix (Gen 2) 47mm Bluetooth Active Smartwatch - Silver/White/Titanium Back,$799.99,Yes,No,Yes,Garmin OS,No,30 hours,64GB,https://multimedia.bbycastatic.ca/multimedia/products/500x500/159/15929/15929831.jpg
Samsung Galaxy Watch FE 40mm Bluetooth Smartwatch - Blue,$279.99,Yes,WiFi,Yes,Wear OS,No,30 hours,128GB,https://multimedia.bbycastatic.ca/multimedia/products/500x500/179/17977/17977355.jpg
Samsung Galaxy Watch6 Classic 47mm Bluetooth Smartwatch - Black,$589.99,Yes,WiFi,No,Wear OS,Yes,30 hours,128GB,https://multimedia.bbycastatic.ca/multimedia/products/500x500/171/17166/17166716.jpg
Fitbit Sense 2 Smartwatch with Heart Rate Monitor - Shadow Grey,$269.99,Yes,No,Yes,Wear OS,Yes,20 hours,32GB,https://multimedia.bbycastatic.ca/multimedia/products/500x500/163/16390/16390437.jpg
Open Box - Samsung Galaxy Watch Ultra 47mm LTE Smartwatch - Titanium Silver/Dark Grey,$679.99,Yes,Yes,Yes,Wear OS,Yes,80 Hours,32 GB,https://multimedia.bbycastatic.ca/multimedia/products/500x500/183/18388/18388168.jpg
Garmin fēnix 8 47mm AMOLED Bluetooth Multisport Smartwatch - Black/Carbon Grey,$1479.99,Yes,WiFi  Bluetooth  and Cellular,Yes,Garmin OS,Yes,30 hours,64GB,https://multimedia.bbycastatic.ca/multimedia/products/500x500/182/18245/18245809.jpg
Open Box - Samsung Galaxy Watch Ultra (GPS + LTE) 47mm Smartwatch with Heart Rate Monitor - Titanium Silver/Dark Grey,$654.99,Yes,Yes,Yes,Wear OS,Yes,80 Hours,128GB,https://multimedia.bbycastatic.ca/multimedia/products/500x500/181/18172/18172432.jpeg
Google Pixel Watch 3 (GPS) 41mm Matte Black Aluminum Case with Obsidian Active Band,$479.99,No,Android,No,Wear OS,Yes,40 hours,64GB,https://multimedia.bbycastatic.ca/multimedia/products/500x500/181/18150/18150280.jpg
Garmin Forerunner 265 46mm Bluetooth Running Smartwatch - Black/Powder Grey,$599.99,Yes,WiFi and Bluetooth,Yes,Garmin OS,Yes,30 hours,32GB,https://multimedia.bbycastatic.ca/multimedia/products/500x500/166/16686/16686629.jpg
Garmin Forerunner 965 47mm Bluetooth Running Smartwatch - Black/Powder Grey,$799.99,Yes,WiFi  Bluetooth  and Cellular,Yes,Garmin OS,Yes,30 hours,32GB,https://multimedia.bbycastatic.ca/multimedia/products/500x500/166/16686/16686634.jpg
Garmin Forerunner 55 Bluetooth Running Smartwatch - White,$269.99,Yes,No,Yes,Wear OS,No,40 hours,64GB,https://multimedia.bbycastatic.ca/multimedia/products/500x500/155/15546/15546369.jpg
Motorola moto Watch 70 Smartwatch with Heart Rate Monitor - Black,$99.99,Yes,WiFi and Bluetooth,Yes,MotoWatchOS,IOS 10.0+,40 Hours,64GB,https://multimedia.bbycastatic.ca/multimedia/products/500x500/165/16566/16566197.jpg
Samsung Galaxy Watch7 40mm LTE Smartwatch - Cream,$479.99,Yes,Yes,Yes,Wear OS,Yes,40 Hours,32 GB,https://multimedia.bbycastatic.ca/multimedia/products/500x500/179/17984/17984634.jpg
Samsung Galaxy Watch7 44mm LTE Smartwatch - Silver,$519.99,Yes,Yes,Yes,Wear OS,Yes,40 Hours,32 GB,https://multimedia.bbycastatic.ca/multimedia/products/500x500/179/17984/17984632.jpg
Garmin fēnix 8 47mm Sapphire Solar Bluetooth Multisport Smartwatch - Black/Carbon Grey,$1479.99,No,WiFi  Bluetooth  and Cellular,Yes,Garmin OS,No,30 hours,32GB,https://multimedia.bbycastatic.ca/multimedia/products/500x500/182/18245/18245813.jpg
Fossil Gen 6 42mm Smartwatch with Heart Rate Monitor - Gunmetal,$459.99,No,No,Yes,Wear OS,Android 6.0+ (excluding Go edition),30 hours,32GB,https://multimedia.bbycastatic.ca/multimedia/products/500x500/156/15674/15674578.jpg
Garmin Forerunner 265S 42mm Bluetooth Running Smartwatch - Black/Amp Yellow,$599.99,No,Yes,No,Garmin OS,Yes,30 hours,64GB,https://multimedia.bbycastatic.ca/multimedia/products/500x500/166/16686/16686631.jpg
Garmin Instinct 2X Solar Tactical Edition 53mm Bluetooth Mutlisport Smartwatch - Black,$669.99,Yes,WiFi,No,Garmin OS,Yes,20 hours,64GB,https://multimedia.bbycastatic.ca/multimedia/products/500x500/169/16971/16971096.jpg
Google Pixel Watch 3 (GPS) 41mm Polished Silver Aluminum Case with Porcelain Active Band,$479.99,Yes,Android,No,FitTrack,Yes,30 hours,128GB,https://multimedia.bbycastatic.ca/multimedia/products/500x500/181/18150/18150278.jpg
Garmin Forerunner 255 46mm Bluetooth Running Smartwatch - Tidal Blue,$469.99,Yes,WiFi and Bluetooth,Yes,Garmin OS,Yes,30 hours,64GB,https://multimedia.bbycastatic.ca/multimedia/products/500x500/162/16250/16250061.jpg
Brand New - Samsung Galaxy Watch Ultra 47mm LTE Smartwatch - Titanium Grey/Orange,$670.49,Yes,WiFi and Bluetooth,Yes,FitTrack,Yes,30 hours,128GB,https://multimedia.bbycastatic.ca/multimedia/products/500x500/183/18389/18389525.jpeg
Open Box - Samsung Galaxy Watch5 Pro (GPS) 45mm Smartwatch with Heart Rate Monitor - Black,$269.99,No,Yes,No,Wear OS,Yes,30 hours,64GB,https://multimedia.bbycastatic.ca/multimedia/products/500x500/165/16531/16531716.jpeg
Google Pixel Watch 3 (GPS) 45mm Matte Hazel Aluminum Case with Hazel Active Band,$549.99,No,Android,Yes,Wear OS,Yes,40 hours,128GB,https://multimedia.bbycastatic.ca/multimedia/products/500x500/181/18150/18150274.jpg
Garmin fēnix 8 51mm AMOLED Bluetooth Multisport Smartwatch - Black/Slate Grey,$1479.99,Yes,WiFi and Bluetooth,Yes,Garmin OS,Yes,30 hours,32GB,https://multimedia.bbycastatic.ca/multimedia/products/500x500/182/18245/18245810.jpg
Garmin fēnix 7 Pro Sapphire Solar 47mm Bluetooth Multisport Smartwatch - Carbon Grey/Black,$1219.99,Yes,WiFi  Bluetooth  and Cellular,No,Garmin OS,Yes,30 hours,32GB,https://multimedia.bbycastatic.ca/multimedia/products/500x500/171/17108/17108629.jpg
Google Pixel Watch 3 (LTE + GPS) 45mm Matte Black Aluminum Case with Obsidian Active Band,$669.99,No,Android,No,Wear OS,Yes,30 hours,128GB,https://multimedia.bbycastatic.ca/multimedia/products/500x500/181/18150/18150267.jpg
"ISPEKTRUM iS-GT3 Smart Watch  1.32"" HD Screen Bluetooth Calls & Text  Multiple Sports Mode Fitness Tracker Heart Rate & BP Monitor Works with Android iOS iPhone Samsung",$109.89,Yes,Yes,Yes,Wear OS,Yes,30 hours,128GB,https://multimedia.bbycastatic.ca/multimedia/products/500x500/163/16372/16372793.jpeg
Open Box - Samsung Galaxy Watch Ultra (GPS + LTE) 47mm Smartwatch with Heart Rate Monitor,$679.99,Yes,Yes,Yes,Garmin OS,Yes,40 hours,64GB,https://multimedia.bbycastatic.ca/multimedia/products/500x500/182/18249/18249075.jpg
Garmin Forerunner 255 46mm Bluetooth Running Smartwatch - Slate Grey,$469.99,No,WiFi,Yes,Garmin OS,Yes,30 hours,128GB,https://multimedia.bbycastatic.ca/multimedia/products/500x500/162/16250/16250068.jpg
Open box - Samsung Galaxy Watch6 Classic (GPS + LTE) 47mm Smartwatch with Heart Rate Monitor - Black,$449,Yes,Yes,Yes,Wear OS,Yes,40 hours,128GB,https://multimedia.bbycastatic.ca/multimedia/products/500x500/173/17341/17341621.jpeg
Garmin Venu 3S 42mm Bluetooth Smartwatch - Dust Rose,$599.99,No,WiFi and Bluetooth,Yes,Garmin OS,Android 2.3+,30 hours,64GB,https://multimedia.bbycastatic.ca/multimedia/products/500x500/172/17213/17213159.jpg
Samsung Galaxy Watch6 Classic 43mm Bluetooth Smartwatch - Black,$549.99,Yes,WiFi,Yes,Wear OS,Yes,20 hours,64GB,https://multimedia.bbycastatic.ca/multimedia/products/500x500/171/17166/17166720.jpg
Garmin vivoactive 5 42mm Bluetooth Smartwatch - Navy,$399.99,Yes,WiFi and Bluetooth,No,Garmin OS,No,20 hours,64GB,https://multimedia.bbycastatic.ca/multimedia/products/500x500/172/17247/17247084.jpg
Garmin fēnix 8 47mm AMOLED Bluetooth Multisport Smartwatch - Black/Slate Grey,$1349.99,Yes,Yes,No,Garmin OS,Yes,30 hours,32GB,https://multimedia.bbycastatic.ca/multimedia/products/500x500/182/18245/18245807.jpg
Samsung Galaxy Watch6 Classic 47mm Bluetooth Smartwatch - Silver,$589.99,Yes,Yes,Yes,Wear OS,Yes,20 hours,64GB,https://multimedia.bbycastatic.ca/multimedia/products/500x500/171/17166/17166717.jpg
Garmin Instinct 2X Solar Tactical Edition 53mm Bluetooth Mutlisport Smartwatch - Coyote Tan,$669.99,Yes,WiFi  Bluetooth  and Cellular,Yes,Garmin OS,Yes,30 hours,32GB,https://multimedia.bbycastatic.ca/multimedia/products/500x500/169/16971/16971098.jpg
Garmin Forerunner 165 45mm Bluetooth Running Smartwatch - Medium / Large - Mist Grey/Whitestone,$339.99,Yes,WiFi,No,Garmin OS,Android 2.3+,40 hours,32GB,https://multimedia.bbycastatic.ca/multimedia/products/500x500/177/17718/17718741.jpg
Garmin MARQ Golfer Gen 2 46mm GPS Bluetooth Golf Smartwatch - Pine Green,$3100,No,No,Yes,Garmin OS,Yes,30 hours,64GB,https://multimedia.bbycastatic.ca/multimedia/products/500x500/166/16647/16647806.jpg
Open Box - Samsung Galaxy Watch7 (GPS) 44mm Smartwatch with Heart Rate Monitor - Green,$389.99,Yes,No,Yes,Wear OS,Yes,40 Hours,64GB,https://multimedia.bbycastatic.ca/multimedia/products/500x500/181/18172/18172421.jpeg
Garmin Lily 2 Classic 30.4mm Bluetooth Smartwatch - Mulberry,$399.99,No,WiFi  Bluetooth  and Cellular,Yes,Garmin OS,Android 2.3+,30 hours,64GB,https://multimedia.bbycastatic.ca/multimedia/products/500x500/176/17650/17650585.jpg
Garmin epix Pro (Gen 2) Sapphire Edition 51mm Bluetooth Active Smartwatch - Medium/Large - Black,$1479.99,Yes,WiFi and Bluetooth,No,Garmin OS,No,30 hours,128GB,https://multimedia.bbycastatic.ca/multimedia/products/500x500/170/17063/17063773.jpg
Garmin Instinct 2S 40mm Bluetooth Mutlisport Smartwatch - Graphite,$399.99,No,Yes,No,Garmin OS,Yes,20 hours,32GB,https://multimedia.bbycastatic.ca/multimedia/products/500x500/159/15956/15956043.jpg
Open Box - Samsung Galaxy Watch5 Pro (GPS + LTE) 45mm Smartwatch with Heart Rate Monitor - Black,$255,Yes,WiFi and Bluetooth,Yes,Wear OS,No,30 hours,32GB,https://multimedia.bbycastatic.ca/multimedia/products/500x500/165/16567/16567348.jpeg
Google Pixel Watch 3 (GPS) 45mm Polished Silver Aluminum Case with Porcelain Active Band,$549.99,Yes,Android,Yes,Wear OS,Yes,30 hours,64GB,https://multimedia.bbycastatic.ca/multimedia/products/500x500/181/18150/18150271.jpg
Garmin fēnix 7X Sapphire Solar 51mm Bluetooth Multisport Smartwatch - Carbon Grey/Black/Titanium Back,$1219.99,Yes,No,No,FitTrack,Yes,20 hours,64GB,https://multimedia.bbycastatic.ca/multimedia/products/500x500/159/15929/15929828.jpg
Garmin Venu 3 45mm Bluetooth Smartwatch - White,$599.99,No,Yes,Yes,Garmin OS,No,25 hours,32GB,https://multimedia.bbycastatic.ca/multimedia/products/500x500/172/17213/17213164.jpg
Samsung Galaxy Watch6 Classic 47mm LTE Smartwatch - Black,$659.99,Yes,WiFi and Bluetooth,Yes,Wear OS,Yes,20 hours,128GB,https://multimedia.bbycastatic.ca/multimedia/products/500x500/171/17166/17166728.jpg
Motorola Moto Watch 120 36.3mm Smartwatch with Heart Rate Monitor - Black,$179.99,Yes,WiFi and Bluetooth,Yes,MotoWatchOS,IOS 10.0+,30 hours,32GB,https://multimedia.bbycastatic.ca/multimedia/products/500x500/181/18197/18197367.jpg
Garmin fēnix 7 Sapphire Solar 47mm Bluetooth Multisport Smartwatch - Black/Titanium Back,$799.99,Yes,No,No,Garmin OS,Yes,20 hours,128GB,https://multimedia.bbycastatic.ca/multimedia/products/500x500/159/15929/15929833.jpg
Garmin MARQ Athlete (Gen 2) Carbon Edition 48mm Bluetooth Running Smartwatch - Black,$3980,Yes,WiFi  Bluetooth  and Cellular,Yes,Garmin OS,Android 2.3+,40 hours,32GB,https://multimedia.bbycastatic.ca/multimedia/products/500x500/173/17389/17389929.jpg
Garmin Instinct 2X Solar 53mm Bluetooth Mutlisport Smartwatch - Graphite,$599.99,No,WiFi and Bluetooth,No,Garmin OS,Yes,30 hours,64GB,https://multimedia.bbycastatic.ca/multimedia/products/500x500/169/16971/16971094.jpg
Garmin Lily 2 Classic 30.4mm Bluetooth Smartwatch - Tan,$399.99,No,WiFi,Yes,Garmin OS,Android 2.3+,30 hours,32GB,https://multimedia.bbycastatic.ca/multimedia/products/500x500/176/17650/17650586.jpg
Open Box - Samsung Galaxy Watch4 40mm Smartwatch with Heart Rate Monitor - Black,$179.99,No,WiFi and Bluetooth,No,Wear OS,Yes,40 hours,Yes,https://multimedia.bbycastatic.ca/multimedia/products/500x500/156/15692/15692843.jpg
Garmin fēnix 8 47mm Sapphire Solar Bluetooth Multisport Smartwatch - Amp Yellow/Graphite/Carbon Grey,$1479.99,No,WiFi  Bluetooth  and Cellular,Yes,Garmin OS,Yes,30 hours,Yes,https://multimedia.bbycastatic.ca/multimedia/products/500x500/182/18245/18245814.jpg
Samsung Galaxy Watch7 40mm LTE Smartwatch - Green,$479.99,Yes,Yes,Yes,Wear OS,Yes,40 Hours,32 GB,https://multimedia.bbycastatic.ca/multimedia/products/500x500/179/17984/17984638.jpg
Open Box - Samsung Galaxy Watch Ultra (GPS + LTE) 47mm Smartwatch with Heart Rate Monitor - Titanium White,$679,Yes,Yes,Yes,Wear OS,Yes,80 Hours,128GB,https://multimedia.bbycastatic.ca/multimedia/products/500x500/181/18172/18172417.jpeg
Google Pixel Watch 3 (GPS) 41mm Champagne Gold Aluminum Case with Hazel Active Band,$479.99,No,Android,No,Wear OS,Yes,40 hours,128GB,https://multimedia.bbycastatic.ca/multimedia/products/500x500/181/18150/18150276.jpg
Citizen CZ Smart Hybrid Extreme 44mm GPS Smartwatch with Heart Rate Monitor- Medium / Large - Blue,$468.99,Yes,WiFi and Bluetooth,Yes,Wear OS,Yes - iOS 13.0+,30 hours,32GB,https://multimedia.bbycastatic.ca/multimedia/products/500x500/170/17071/17071597.jpg
Garmin fēnix 8 51mm Sapphire Solar Bluetooth Multisport Smartwatch - Black/Carbon Grey,$1619.99,Yes,Yes,Yes,Garmin OS,None,30 hours,32GB,https://multimedia.bbycastatic.ca/multimedia/products/500x500/182/18245/18245815.jpg
Open Box - Samsung Galaxy Watch4 40mm Smartwatch with Heart Rate Monitor - Black,$169.99,Yes,No,Yes,Wear OS,None,25 hours,32GB,https://multimedia.bbycastatic.ca/multimedia/products/500x500/158/15863/15863859.jpeg
Fossil Gen 6 Wellness Edition 44mm Smartwatch with Heart Rate Monitor - Black,$429,Yes,WiFi,No,Wear OS,No,30 hours,64GB,https://multimedia.bbycastatic.ca/multimedia/products/500x500/165/16544/16544465.jpg
Garmin Forerunner 265S 42mm Bluetooth Running Smartwatch - Whitestone/Neo Tropic,$599.99,Yes,WiFi and Bluetooth,Yes,Garmin OS,None,20 hours,64GB,https://multimedia.bbycastatic.ca/multimedia/products/500x500/166/16686/16686630.jpg
Open Box - Samsung Galaxy Watch5 (GPS + LTE) 40mm Smartwatch with Heart Rate Monitor - Pink Gold,$205,Yes,Yes,Yes,Wear OS,None,30 hours,128GB,https://multimedia.bbycastatic.ca/multimedia/products/500x500/166/16619/16619536.jpeg
Citizen CZ Smart PQ2 Casual 41mm Smartwatch with Heart Rate Monitor - Blue Strap,$398.99,Yes,Yes,No,Wear OS,Yes - Android 6.0+,40 hours,32GB,https://multimedia.bbycastatic.ca/multimedia/products/500x500/166/16663/16663585.jpg
Refurbished (Good) - Samsung Galaxy Watch Ultra (GPS + LTE) 47mm Smartwatch with Heart Rate Monitor - Titanium Grey/Orange,$648.99,Yes,Yes,Yes,Wear OS,Yes,80 Hours,128GB,https://multimedia.bbycastatic.ca/multimedia/products/500x500/181/18172/18172406.jpeg
Garmin Venu 3S 42mm Bluetooth Smartwatch - Sage Grey,$599.99,Yes,WiFi,Yes,Garmin OS,Android 2.3+,40 hours,32GB,https://multimedia.bbycastatic.ca/multimedia/products/500x500/172/17213/17213161.jpg
Garmin Instinct 2 Solar 45mm Bluetooth Mutlisport Smartwatch - Graphite,$539.99,Yes,No,Yes,Wear OS,Yes,30 hours,64GB,https://multimedia.bbycastatic.ca/multimedia/products/500x500/159/15956/15956052.jpg
Citizen CZ Smart PQ2 Casual 41mm Smartwatch with Heart Rate Monitor - Rose-Gold Tone Mesh,$478.99,Yes,WiFi and Bluetooth,No,Wear OS,Yes - Android 6.0+,30 hours,64GB,https://multimedia.bbycastatic.ca/multimedia/products/500x500/166/16663/16663586.jpg
Garmin Forerunner 255 Music 46mm Bluetooth Running Smartwatch - Black,$539.99,Yes,WiFi and Bluetooth,Yes,Garmin OS,Yes,30 hours,32GB,https://multimedia.bbycastatic.ca/multimedia/products/500x500/162/16250/16250071.jpg
Garmin Enduro 3 51mm Solar Bluetooth Multisport Smartwatch - Black/Carbon Grey,$1219.99,No,WiFi  Bluetooth  and Cellular,No,Garmin OS,Yes,30 hours,32GB,https://multimedia.bbycastatic.ca/multimedia/products/500x500/182/18245/18245805.jpg
Medical Alert Smartwatch with fall detection & GPS | Two way voice | Heart rate on Demand | Built in Pedometer | Includes 1 month of 24*7 emergency response monitoring,$189.99,No,WiFi and Bluetooth,No,Wear OS,Yes,20 hours,128GB,https://multimedia.bbycastatic.ca/multimedia/products/500x500/169/16941/16941731.png
Open Box - Samsung Galaxy Watch7 (GPS + LTE) 44mm Smartwatch with Heart Rate Monitor - Silver,$454.99,Yes,Yes,Yes,Wear OS,Yes,40 Hours,128GB,https://multimedia.bbycastatic.ca/multimedia/products/500x500/181/18172/18172422.jpeg
Garmin Venu 2 Plus 43.6mm Bluetooth Smartwatch - Black,$499.99,No,No,Yes,Wear OS,Yes,30 hours,128GB,https://multimedia.bbycastatic.ca/multimedia/products/500x500/159/15926/15926067.jpg
Motorola Moto Watch 70 43mm Smartwatch with Heart Rate Monitor - Rose,$99.99,Yes,WiFi and Bluetooth,No,MotoWatchOS,Yes,35 hours,32GB,https://multimedia.bbycastatic.ca/multimedia/products/500x500/181/18197/18197368.jpg
Garmin Approach S12 43.7mm Bluetooth Golf Smartwatch - Black,$269.99,Yes,No,No,Wear OS,No,40 hours,32GB,https://multimedia.bbycastatic.ca/multimedia/products/500x500/153/15345/15345081.jpg
Samsung Galaxy Watch6 Classic 43mm Bluetooth Smartwatch - Silver,$549.99,Yes,WiFi  Bluetooth  and Cellular,Yes,Wear OS,Yes,20 hours,128GB,https://multimedia.bbycastatic.ca/multimedia/products/500x500/171/17166/17166721.jpg
Fossil Gen 6 Wellness Edition 44mm Smartwatch with Heart Rate Monitor - Pink,$429,Yes,WiFi and Bluetooth,Yes,FitTrack,No,30 hours,32GB,https://multimedia.bbycastatic.ca/multimedia/products/500x500/165/16544/16544467.jpg
Open Box - Samsung Galaxy Watch4 Classic 46mm Smartwatch with Heart Rate Monitor - Black,$165,Yes,WiFi and Bluetooth,No,Wear OS,No,30 hours,128GB,https://multimedia.bbycastatic.ca/multimedia/products/500x500/158/15887/15887539.jpeg
Google Pixel Watch 3 (GPS) 41mm Polished Silver Aluminum Case with Rose Quartz Active Band,$479.99,Yes,Android,No,Wear OS,Yes,50 hours,64GB,https://multimedia.bbycastatic.ca/multimedia/products/500x500/181/18150/18150273.jpg
Fossil Gen 6 Wellness Edition 44mm Smartwatch with Heart Rate Monitor - Blue,$429,Yes,WiFi and Bluetooth,Yes,Wear OS,No,30 hours,64GB,https://multimedia.bbycastatic.ca/multimedia/products/500x500/165/16544/16544466.jpg
Garmin Venu 3S 42mm Bluetooth Smartwatch - Pebble Grey,$599.99,Yes,Yes,No,Garmin OS,Yes,40 hours,64GB,https://multimedia.bbycastatic.ca/multimedia/products/500x500/172/17213/17213162.jpg
Garmin fēnix 8 51mm Sapphire Solar Bluetooth Multisport Smartwatch - Amp Yellow/Graphite/Carbon Grey,$1619.99,No,Yes,Yes,Garmin OS,No,40 hours,32GB,https://multimedia.bbycastatic.ca/multimedia/products/500x500/182/18245/18245816.jpg
Garmin fēnix 8 43mm AMOLED Bluetooth Multisport Smartwatch - Black/Carbon Grey,$1479.99,No,WiFi and Bluetooth,No,Garmin OS,Yes,30 hours,32GB,https://multimedia.bbycastatic.ca/multimedia/products/500x500/182/18245/18245806.jpg
Garmin Instinct 2X Solar 53mm Bluetooth Mutlisport Smartwatch - Flame Red,$599.99,Yes,WiFi and Bluetooth,Yes,Garmin OS,Yes,20 hours,64GB,https://multimedia.bbycastatic.ca/multimedia/products/500x500/169/16971/16971095_.jpg
Open box - Samsung Galaxy Watch6 (GPS) 44mm Smartwatch with Heart Rate Monitor - Silver,$404.99,Yes,No,Yes,Wear OS,Yes,40 hours,32GB,https://multimedia.bbycastatic.ca/multimedia/products/500x500/173/17341/17341623.jpeg
Open Box - Samsung Galaxy Watch7 44mm Bluetooth Smartwatch - Silver,$399.99,Yes,No,Yes,Wear OS,Yes,40 Hours,32 GB,https://multimedia.bbycastatic.ca/multimedia/products/500x500/182/18249/18249083.jpg
Garmin Instinct 2S 40mm Bluetooth Mutlisport Smartwatch - Deep Orchid,$399.99,Yes,No,Yes,Garmin OS,No,30 hours,64GB,https://multimedia.bbycastatic.ca/multimedia/products/500x500/159/15956/15956045.jpg
Motorola Moto Watch 40 40mm Smartwatch with Heart Rate Monitor - Black,$79.99,Yes,WiFi and Bluetooth,No,MotoWatchOS,Yes,30 hours,64GB,https://multimedia.bbycastatic.ca/multimedia/products/500x500/181/18197/18197364.jpg
Open Box - Samsung Galaxy Watch FE (GPS) 40mm Smartwatch with Heart Rate Monitor - Black,$219.99,Yes,WiFi and Bluetooth,Yes,Wear OS,No,20 hours,64GB,https://multimedia.bbycastatic.ca/multimedia/products/500x500/181/18197/18197424.jpeg
Garmin fēnix 7X Pro Sapphire Solar 51mm Bluetooth Multisport Smartwatch - Carbon Grey/Black,$1349.99,Yes,WiFi  Bluetooth  and Cellular,No,Garmin OS,No,30 hours,128GB,https://multimedia.bbycastatic.ca/multimedia/products/500x500/171/17108/17108632.jpg
HUAWEI Watch GT 4 41mm Smartwatch  7-Day Battery Life  Female Health Management  24/7 Health Monitoring  Compatible with Andriod & iOS  Black,$238.99,Yes,WiFi and Bluetooth,Yes,Harmony OS,Yes,20 hours,128GB,https://multimedia.bbycastatic.ca/multimedia/products/500x500/173/17312/17312063.jpeg
Garmin Instinct 2X Solar 53mm Bluetooth Mutlisport Smartwatch - Moss,$599.99,Yes,WiFi,No,Garmin OS,Yes,30 hours,128GB,https://multimedia.bbycastatic.ca/multimedia/products/500x500/169/16971/16971097_.jpg
Open Box - Samsung Galaxy Watch7 44mm Bluetooth Smartwatch - Green,$399.99,Yes,No,Yes,Wear OS,Yes,40 Hours,32 GB,https://multimedia.bbycastatic.ca/multimedia/products/500x500/182/18249/18249082.jpg
Open Box - Google Pixel Watch  Champagne Gold Stainless Steel Case  Active Band in Hazel  LTE  41mm,$229,Yes,Yes,No,Wear OS,Yes,20 hours,64GB,https://multimedia.bbycastatic.ca/multimedia/products/500x500/175/17540/17540890.jpeg
Garmin Forerunner 255 Music 46mm Bluetooth Running Smartwatch - Whitestone,$539.99,No,WiFi  Bluetooth  and Cellular,Yes,Garmin OS,Yes,20 hours,128GB,https://multimedia.bbycastatic.ca/multimedia/products/500x500/162/16250/16250072.jpg
TOZO S3 Smart Watch Answer/Make Call Bluetooth Fitness Tracker Heart Rate Blood Oxygen Sleep Monitor IP68 Waterproof 1.83-inch HD Men Women Compatible iPhone & Android Black,$39.99,No,WiFi,Yes,Wear OS,Yes,20 hours,128GB,https://multimedia.bbycastatic.ca/multimedia/products/500x500/179/17955/17955366.jpeg
Garmin vivomove Trend 40mm Bluetooth Active Smartwatch - Black,$369.99,No,WiFi,Yes,Garmin OS,Yes,20 hours,32GB,https://multimedia.bbycastatic.ca/multimedia/products/500x500/166/16671/16671410.jpg
Garmin Venu® Sq 2 GPS Smartwatch  All-Day Health Monitoring  Long-Lasting Battery Life  AMOLED Display  Slate and Shadow Gray,$299.99,Yes,WiFi  Bluetooth  and Cellular,No,Garmin OS,Yes ,30 hours,64GB,https://multimedia.bbycastatic.ca/multimedia/products/500x500/184/18485/18485147.jpeg
Garmin Forerunner 955 46.5mm Bluetooth Running Smartwatch - Black,$669.99,No,WiFi and Bluetooth,No,Garmin OS,No,20 hours,64GB,https://multimedia.bbycastatic.ca/multimedia/products/500x500/162/16250/16250062.jpg
Garmin fēnix 8 43mm AMOLED Bluetooth Multisport Smartwatch - Whitestone/Silver,$1479.99,Yes,Yes,Yes,Garmin OS,No,30 hours,128GB,https://multimedia.bbycastatic.ca/multimedia/products/500x500/182/18245/18245819.jpg
Garmin vivomove Trend 40mm Bluetooth Active Smartwatch - French Grey,$399.99,Yes,WiFi and Bluetooth,Yes,Garmin OS,Yes,20 hours,32GB,https://multimedia.bbycastatic.ca/multimedia/products/500x500/166/16671/16671412.jpg
Samsung Galaxy Watch6 Classic 47mm LTE Smartwatch - Silver,$659.99,Yes,WiFi and Bluetooth,Yes,Wear OS,Yes,30 hours,64GB,https://multimedia.bbycastatic.ca/multimedia/products/500x500/171/17166/17166715.jpg
Refurbished (Excellent) - Samsung Galaxy Watch6 (GPS + LTE) 44mm Smartwatch with Heart Rate Monitor - Graphite,$223,Yes,Yes,Yes,Wear OS,Yes,30 hours,32GB,https://multimedia.bbycastatic.ca/multimedia/products/500x500/173/17384/17384712.jpeg
Garmin vivomove Trend 40mm Bluetooth Active Smartwatch - Ivory,$399.99,Yes,WiFi and Bluetooth,No,Garmin OS,Yes,30 hours,64GB,https://multimedia.bbycastatic.ca/multimedia/products/500x500/166/16671/16671413.jpg
Open Box - Samsung Galaxy Watch7 (GPS) 40mm Smartwatch with Heart Rate Monitor - Cream,$349.99,Yes,No,Yes,Wear OS,Yes,40 Hours,128GB,https://multimedia.bbycastatic.ca/multimedia/products/500x500/181/18172/18172405.jpeg
Refurbished (Excellent) - Samsung Galaxy Watch Ultra (GPS + LTE) 47mm Smartwatch with Heart Rate Monitor - Titanium Grey/Orange,$634.99,Yes,Yes,Yes,Wear OS,Yes,80 Hours,64GB,https://multimedia.bbycastatic.ca/multimedia/products/500x500/181/18172/18172420.jpeg
Motorola Moto Watch 40 40mm Smartwatch with Heart Rate Monitor - Rose,$79.99,Yes,WiFi and Bluetooth,No,MotoWatchOS,Yes,30 hours,32GB,https://multimedia.bbycastatic.ca/multimedia/products/500x500/181/18197/18197365.jpg
Garmin fēnix 7S Pro Sapphire Solar 42mm Bluetooth Multisport Smartwatch - Soft Gold/Light Sand,$1219.99,Yes,WiFi and Bluetooth,Yes,Garmin OS,Yes,20 hours,64GB,https://multimedia.bbycastatic.ca/multimedia/products/500x500/171/17108/17108634.jpg
Garmin tactix 7 Pro Ballistics Edition 51mm Bluetooth Multisport Smartwatch - Black,$2159.99,Yes,No,No,FitTrack,No,40 hours,32GB,https://multimedia.bbycastatic.ca/multimedia/products/500x500/161/16102/16102903.jpg
Open Box - Samsung Galaxy Watch FE 40mm Bluetooth Smartwatch - Blue,$259.99,Yes,No,Yes,Wear OS,Yes,20 hours,128GB,https://multimedia.bbycastatic.ca/multimedia/products/500x500/182/18249/18249079.jpg
Garmin fēnix 7 Pro Sapphire Solar 47mm Bluetooth Multisport Smartwatch - Fog Grey/Ember Orange,$1219.99,Yes,WiFi and Bluetooth,Yes,Garmin OS,Yes,20 hours,128GB,https://multimedia.bbycastatic.ca/multimedia/products/500x500/171/17108/17108630.jpg
Apple Watch SE (GPS) 40mm Silver Aluminum Case with Denim Sport Band - Small/Medium,$329.99,Yes,WiFi  Bluetooth  and Cellular,Yes,Wear OS,No,20 hours,64GB,https://multimedia.bbycastatic.ca/multimedia/products/500x500/184/18472/18472655.jpg
Open Box - Samsung Galaxy Watch7 (GPS + LTE) 44mm Smartwatch with Heart Rate Monitor - Green,$431,Yes,Yes,Yes,Wear OS,Yes,40 Hours,64GB,https://multimedia.bbycastatic.ca/multimedia/products/500x500/181/18172/18172400.jpeg
Garmin Forerunner 955 46.5mm Bluetooth Running Smartwatch - Whitestone,$669.99,Yes,WiFi,No,Garmin OS,No,20 hours,128GB,https://multimedia.bbycastatic.ca/multimedia/products/500x500/162/16250/16250065.jpg
ISPEKTRUM iS102 Smart Watch 1.9-inch Full HD Screen  Bluetooth Calls & Text  Waterproof  Sports Mode  Fitness Tracker Heart Rate & BP Monitor  works with Android IOS iPhone Samsung,$99.99,Yes,WiFi and Bluetooth,Yes,Android 11 or Higher With Ram of 1.5GB,Yes,30 hours,128GB,https://multimedia.bbycastatic.ca/multimedia/products/500x500/164/16450/16450567.webp
Garmin MARQ Captain Gen 2 46mm Bluetooth Sailing Smartwatch - Navy,$3000,No,No,No,Garmin OS,Yes,20 hours,64GB,https://multimedia.bbycastatic.ca/multimedia/products/500x500/166/16647/16647803.jpg
HUAWEI Watch GT 4 41mm Smartwatch  7-Day Battery Life  24/7 Health Monitoring  Compatible with Andriod & iOS  White,$248.99,Yes,WiFi and Bluetooth,Yes,Harmony OS,Yes,40 hours,32GB,https://multimedia.bbycastatic.ca/multimedia/products/500x500/173/17312/17312067.jpeg
Garmin fēnix 8 43mm AMOLED Bluetooth Multisport Smartwatch - Whitestone/Silver,$1349.99,Yes,WiFi and Bluetooth,No,Garmin OS,Yes,30 hours,32GB,https://multimedia.bbycastatic.ca/multimedia/products/500x500/182/18245/18245804.jpg
Open Box - Samsung Galaxy Watch6 44mm Bluetooth Smartwatch - Silver,$419.99,Yes,WiFi,Yes,Bixby,Yes,20 hours,128GB,https://multimedia.bbycastatic.ca/multimedia/products/500x500/172/17233/17233639.jpg
Garmin Forerunner 165 Music 45mm Bluetooth Running Smartwatch - Medium / Large - Black/Slate Grey,$399.99,Yes,WiFi,No,Garmin OS,No,30 hours,128GB,https://multimedia.bbycastatic.ca/multimedia/products/500x500/177/17718/17718740.jpg
Apple Watch SE (GPS) 44mm Midnight Aluminum Case with Midnight Sport Band - Small / Medium (Brand New),$329.99,No,Yes,Yes,Wear OS,No,20 hours,64GB,https://multimedia.bbycastatic.ca/multimedia/products/500x500/177/17726/17726490.jpeg
Refurbished (Good) - Samsung Galaxy Watch7 (GPS) 44mm Smartwatch with Heart Rate Monitor - Silver,$299.99,Yes,Yes,Yes,Wear OS,Yes,40 Hours,128GB,https://multimedia.bbycastatic.ca/multimedia/products/500x500/181/18172/18172416.jpeg
Google Pixel Watch 3 (LTE + GPS) 41mm Polished Silver Aluminum Case with Rose Quartz Active Band,$599.99,No,Android,Yes,Wear OS,Yes,30 hours,64GB,https://multimedia.bbycastatic.ca/multimedia/products/500x500/181/18150/18150279.jpg
Brand NEW - Samsung Galaxy Watch Ultra (GPS + LTE) 47mm Smartwatch with Heart Rate Monitor - Titanium Silver/Dark Grey,$759.99,No,WiFi and Bluetooth,Yes,Wear OS,Yes,20 hours,64GB,https://multimedia.bbycastatic.ca/multimedia/products/500x500/182/18244/18244781.jpeg
Google Pixel Watch 3 (LTE + GPS) 45mm Polished Silver Aluminum Case with Porcelain Active Band,$669.99,No,Android,No,Wear OS,Yes,30 hours,128GB,https://multimedia.bbycastatic.ca/multimedia/products/500x500/181/18150/18150270.jpg
Open box - Samsung Galaxy Watch6 Classic (GPS + LTE) 47mm Smartwatch with Heart Rate Monitor - Silver,$604.99,Yes,Yes,Yes,Wear OS,Yes,30 hours,32GB,https://multimedia.bbycastatic.ca/multimedia/products/500x500/173/17390/17390462.jpeg
Open box - Samsung Galaxy Watch6 Classic (GPS) 43mm Smartwatch with Heart Rate Monitor - Black,$372.98,Yes,No,Yes,Wear OS,Yes,40 hours,32GB,https://multimedia.bbycastatic.ca/multimedia/products/500x500/173/17373/17373559.jpeg
Garmin vivomove Trend 40mm Bluetooth Active Smartwatch - Mist Grey,$369.99,Yes,Yes,Yes,Garmin OS,No,20 hours,64GB,https://multimedia.bbycastatic.ca/multimedia/products/500x500/166/16671/16671411.jpg
Open box - Samsung Galaxy Watch6 Classic (GPS + LTE) 43mm Smartwatch with Heart Rate Monitor - Silver,$379.98,Yes,Yes,Yes,Wear OS,Yes,30 hours,64GB,https://multimedia.bbycastatic.ca/multimedia/products/500x500/174/17477/17477962.jpeg
Garmin fēnix 7S Pro Sapphire Solar 42mm Bluetooth Multisport Smartwatch - Carbon Grey/Black,$1219.99,Yes,WiFi,No,Garmin OS,No,30 hours,32GB,https://multimedia.bbycastatic.ca/multimedia/products/500x500/171/17108/17108635.jpg
Garmin Instinct 2S Solar 40mm Bluetooth Mutlisport Smartwatch - Mist Gray,$609.99,Yes,No,Yes,Garmin OS,Yes,20 hours,128GB,https://multimedia.bbycastatic.ca/multimedia/products/500x500/159/15956/15956050.jpg
Refurbished (Good) - Samsung Galaxy Watch5 (GPS + LTE) 44mm Smartwatch with Heart Rate Monitor - Grey,$162,Yes,WiFi  Bluetooth  and Cellular,Yes,Wear OS,No,20 hours,128GB,https://multimedia.bbycastatic.ca/multimedia/products/500x500/165/16566/16566265.jpeg
Google Pixel Watch 3 (LTE + GPS) 41mm Champagne Gold Aluminum Case with Hazel Active Band,$599.99,No,Android,Yes,Wear OS,Yes,40 Hours,128GB,https://multimedia.bbycastatic.ca/multimedia/products/500x500/181/18150/18150275.jpg
TOZO S3 Smart Watch Answer/Make Call Bluetooth Fitness Tracker Heart Rate Blood Oxygen Sleep Monitor IP68 Waterproof 1.83-inch HD Men Women Compatible iPhone & Android Gold,$39.99,No,Yes,No,Wear OS,Yes,20 hours,64GB,https://multimedia.bbycastatic.ca/multimedia/products/500x500/179/17955/17955368.jpeg
Google Pixel Watch 3 (LTE + GPS) 41mm Polished Silver Aluminum Case with Porcelain Active Band,$599.99,No,Android,No,Wear OS,Yes,30 hours,128GB,https://multimedia.bbycastatic.ca/multimedia/products/500x500/181/18150/18150277.jpg
Apple Watch SE (GPS) 40mm Silver Aluminum Case with Blue Cloud Sport Loop,$329.99,No,WiFi  Bluetooth  and Cellular,Yes,Apple OS,Yes,20 hours,128GB,https://multimedia.bbycastatic.ca/multimedia/products/500x500/184/18472/18472653.jpg
Garmin Instinct 2S Solar 40mm Bluetooth Mutlisport Smartwatch - Graphite,$539.99,Yes,No,No,Garmin OS,No,30 hours,64GB,https://multimedia.bbycastatic.ca/multimedia/products/500x500/159/15956/15956049.jpg
TUTT GPS AMOLED Metal Rugged Smart Watch | Compass | IP68 Military 128MB 2 Straps | Always On Display Option NX18 Pro Men Women,$95.9,Yes,WiFi and Bluetooth,Yes,FitTrack,No,20 hours,128GB,https://multimedia.bbycastatic.ca/multimedia/products/500x500/179/17973/17973166.png
Open Box - Samsung Galaxy Watch FE 40mm Bluetooth Smartwatch - Black,$259.99,Yes,WiFi and Bluetooth,Yes,FitTrack,No,20 hours,64GB,https://multimedia.bbycastatic.ca/multimedia/products/500x500/182/18249/18249078.jpg
Refurbished (Excellent) - Samsung Galaxy Watch6 (GPS) 40mm Smartwatch with Heart Rate Monitor - Graphite,$259.99,Yes,No,Yes,Wear OS,Yes,20 hours,32GB,https://multimedia.bbycastatic.ca/multimedia/products/500x500/173/17384/17384714.jpeg
Apple Watch Series 10  Aluminum  42mm  GPS  Sport Band,$329.00,No,Wi-Fi 4 (802.11n),Yes,Tizen,Yes,49 hours,32 GB,https://owp.klarna.com/product/252x252/3136326605/Apple-Watch-Series-10-Aluminum--42mm--GPS--Sport-Band.jpg?ph=true
Apple Watch Series 9  Aluminum  41mm  GPS  Sport Band,$238.99,No,Wi-Fi 4 (802.11n),Yes,Wear OS,Yes,50 hours,8 GB,https://owp.klarna.com/product/252x252/3134798706/Apple-Watch-Series-9-Aluminum--41mm--GPS--Sport-Band.jpg?ph=true
Apple Watch Series 10  Aluminum  46mm  GPS  Sport Band,$359.00,No,Wi-Fi 4 (802.11n),Yes,Amazfit OS,Yes,51 hours,16 GB,https://owp.klarna.com/product/252x252/3136332456/Apple-Watch-Series-10-Aluminum--46mm--GPS--Sport-Band.jpg?ph=true
Apple Watch Ultra 2  Ocean Band,$22.23,Yes,Wi-Fi 4 (802.11n),Yes,Realme OS,Yes,52 hours,32 GB,https://owp.klarna.com/product/252x252/3134329580/Apple-Watch-Ultra-2-Ocean-Band.jpg?ph=true
Samsung Galaxy Watch Ultra 47mm,$424.71,Yes,Wi-Fi 4 (802.11n),Yes,Fitbit OS,Yes,53 hours,32 GB,https://owp.klarna.com/product/252x252/3121449898/Samsung-Galaxy-Watch-Ultra-47mm.jpg?ph=true
Apple Watch SE (3rd generation)  40mm  GPS  Sport Band,$169.00,Yes,Wi-Fi 4 (802.11n),Yes,Amazfit OS,Yes,55 hours,32 GB,https://owp.klarna.com/product/252x252/3136306191/Apple-Watch-SE-(3rd-generation)-40mm--GPS--Sport-Band.jpg?ph=true
Apple Watch Series 10  Titanium  46mm  GPS + Cellular  Milanese Loop,$729.00,Yes,Wi-Fi 4 (802.11n),Yes,Realme OS,Yes,56 hours,8 GB,https://owp.klarna.com/product/252x252/3136302263/Apple-Watch-Series-10-Titanium--46mm--GPS---Cellular--Milanese-Loop.jpg?ph=true
Apple Watch Series 9  Aluminum  45mm  GPS  Sport Band,$319.00,Yes,Wi-Fi 4 (802.11n),Yes,Wear OS,Yes,57 hours,8 GB,https://owp.klarna.com/product/252x252/3135887167/Apple-Watch-Series-9-Aluminum--45mm--GPS--Sport-Band.jpg?ph=true
Apple Watch Ultra 2  Milanese Loop,$819.00,Yes,Wi-Fi 4 (802.11n),Yes,Garmin OS,Yes,40 hours,8 GB,https://owp.klarna.com/product/252x252/3136297142/Apple-Watch-Ultra-2-Milanese-Loop.jpg?ph=true
Apple Watch Ultra 2  Alpine Loop,$679.99,Yes,Wi-Fi 4 (802.11n),Yes,Garmin OS,Yes,41 hours,32 GB,https://owp.klarna.com/product/252x252/3166324641/Apple-Watch-Ultra-2-Alpine-Loop.jpg?ph=true
Samsung Galaxy Watch7 44mm BT,$247.48,Yes,No,Yes,Garmin OS,Yes,42 hours,32 GB,https://owp.klarna.com/product/252x252/3121548304/Samsung-Galaxy-Watch7-44mm-BT.jpg?ph=true
Samsung Galaxy Watch7 40mm BT,$202.60,Yes,"Wi-Fi 1 (802.11b), Wi-Fi 4 (802.11n), Wi-Fi 3 (802.11g), Wi-Fi 2 (802.11a)",Yes,Garmin OS,Yes,30 hours,4GB,https://owp.klarna.com/product/252x252/3121558837/Samsung-Galaxy-Watch7-40mm-BT.jpg?ph=true
Apple Watch Series 10  Aluminum  46mm  GPS  Sport Loop,$359.00,Yes,Wi-Fi 4 (802.11n),Yes,Realme OS,Yes,30 hours,4GB,https://owp.klarna.com/product/252x252/3136337429/Apple-Watch-Series-10-Aluminum--46mm--GPS--Sport-Loop.jpg?ph=true
Apple Watch SE (3rd generation)  44mm  GPS  Sport Band,$199.00,Yes,Wi-Fi 4 (802.11n),Yes,Wear OS,Yes,30 hours,4GB,https://owp.klarna.com/product/252x252/3136307749/Apple-Watch-SE-(3rd-generation)-44mm--GPS--Sport-Band.jpg?ph=true
Garmin Vivoactive 5,$199.00,Yes,"ANT+, Wi-Fi, Bluetooth",Yes,Wear OS,Yes,20 hours,8 GB,https://owp.klarna.com/product/252x252/3013351872/Garmin-Vivoactive-5.jpg?ph=true
Garmin Forerunner 965,$499.99,Yes,"ANT+, Wi-Fi, Bluetooth",Yes,Wear OS,Yes,30 hours,8 GB,https://owp.klarna.com/product/252x252/3009154305/Garmin-Forerunner-965.jpg?ph=true
Apple Watch Series 10  Titanium  42mm  GPS + Cellular  Milanese Loop,$679.00,Yes,Wi-Fi 4 (802.11n),Yes,Wear OS,Yes,30 hours,8 GB,https://owp.klarna.com/product/252x252/3136333837/Apple-Watch-Series-10-Titanium--42mm--GPS---Cellular--Milanese-Loop.jpg?ph=true
Apple Watch SE (1st generation)  44mm  GPS  Sport Band,$199.00,Yes,"Wi-Fi 1 (802.11b), Wi-Fi 4 (802.11n), Wi-Fi 3 (802.11g)",Yes,Wear OS,Yes,20 hours,4GB,https://owp.klarna.com/product/252x252/3134781200/Apple-Watch-SE-(1st-generation)-44mm--GPS--Sport-Band.jpg?ph=true
Samsung Galaxy Watch Ultra 47mm,$424.71,Yes,No,Yes,Wear OS,Yes,20 hours,8 GB,https://owp.klarna.com/product/252x252/3121449898/Samsung-Galaxy-Watch-Ultra-47mm.jpg?ph:true
Samsung Galaxy Watch7 44mm BT,$247.48,Yes,N/A,Yes,Wear OS,Yes,20 hours,32GB,https://owp.klarna.com/product/252x252/3121548304/Samsung-Galaxy-Watch7-44mm-BT.jpg?ph:true
Samsung Galaxy Watch7 40mm BT,$202.60,Yes,"Wi-Fi 1 (802.11b), Wi-Fi 4 (802.11n), Wi-Fi 3 (802.11g), Wi-Fi 2 (802.11a)",Yes,Wear OS,Yes,20 hours,32GB,https://owp.klarna.com/product/252x252/3121558837/Samsung-Galaxy-Watch7-40mm-BT.jpg?ph:true
Samsung Galaxy Watch6 40mm BT,$149.99,Yes,Wi-Fi 4 (802.11n),Yes,Wear OS,Yes,24 hours,32GB,https://owp.klarna.com/product/252x252/3012361948/Samsung-Galaxy-Watch6-40mm-BT.jpg?ph:true
Samsung Galaxy Watch6 Classic 47mm BT,$199.95,Yes,"Wi-Fi 1 (802.11b), Wi-Fi 4 (802.11n), Wi-Fi 3 (802.11g), Wi-Fi 2 (802.11a)",Yes,Wear OS,Yes,24 hours,32GB,https://owp.klarna.com/product/252x252/3012361134/Samsung-Galaxy-Watch6-Classic-47mm-BT.jpg?ph:true
Samsung Galaxy Watch6 44mm BT,$159.99,Yes,"Wi-Fi 1 (802.11b), Wi-Fi 4 (802.11n), Wi-Fi 3 (802.11g), Wi-Fi 2 (802.11a)",Yes,Wear OS,Yes,30 hours,8 GB,https://owp.klarna.com/product/252x252/3012344487/Samsung-Galaxy-Watch6-44mm-BT.jpg?ph:true
Samsung Galaxy Watch7 44mm LTE,$255.71,Yes,N/A,Yes,Wear OS,Yes,40 hours,8 GB,https://owp.klarna.com/product/252x252/3121450005/Samsung-Galaxy-Watch7-44mm-LTE.jpg?ph:true
Samsung Galaxy Watch 5 40mm,$142.98,Yes,Wi-Fi 4 (802.11n),Yes,Wear OS,Yes,40 hours,8 GB,https://owp.klarna.com/product/252x252/3005891618/Samsung-Galaxy-Watch-5-40mm.jpg?ph:true
Samsung Galaxy Watch FE 40mm BT,$124.62,Yes,Wi-Fi 4 (802.11n),Yes,Wear OS,Yes,40 hours,4GB,https://owp.klarna.com/product/252x252/3117749441/Samsung-Galaxy-Watch-FE-40mm-BT.jpg?ph:true
Samsung Galaxy Watch 4 40mm Bluetooth,$119.99,Yes,"Wi-Fi, Bluetooth",Yes,Amazfit OS,Yes,40 hours,4GB,https://owp.klarna.com/product/252x252/3002519148/Samsung-Galaxy-Watch-4-40mm-Bluetooth.jpg?ph:true
Samsung Galaxy Watch7 40mm LTE,$257.76,Yes,"Wi-Fi 1 (802.11b), Wi-Fi 4 (802.11n), Wi-Fi 3 (802.11g), Wi-Fi 2 (802.11a)",Yes,Tizen,Yes,40 hours,8 GB,https://owp.klarna.com/product/252x252/3121564006/Samsung-Galaxy-Watch7-40mm-LTE.jpg?ph:true
Samsung Galaxy Watch 5 Pro 45mm,$219.49,Yes,"Wi-Fi, 3G, 4G, Bluetooth",Yes,Tizen,Yes,30 hours,4GB,https://owp.klarna.com/product/252x252/3005891631/Samsung-Galaxy-Watch-5-Pro-45mm.jpg?ph:true
Samsung Galaxy Watch6 Classic 47mm 4G,$269.99,Yes,"Wi-Fi 1 (802.11b), Wi-Fi 4 (802.11n), Wi-Fi 3 (802.11g), Wi-Fi 2 (802.11a)",Yes,Tizen,Yes,31 hours,4GB,https://owp.klarna.com/product/252x252/3012344275/Samsung-Galaxy-Watch6-Classic-47mm-4G.jpg?ph:true
Samsung Galaxy Watch 4 Classic 46mm Bluetooth,$118.88,Yes,Wi-Fi 4 (802.11n),Yes,Tizen,Yes,32 hours,4GB,https://owp.klarna.com/product/252x252/3002519108/Samsung-Galaxy-Watch-4-Classic-46mm-Bluetooth.jpg?ph:true
Samsung Galaxy Watch6 Classic 43mm BT,$164.99,Yes,"Wi-Fi 1 (802.11b), Wi-Fi 4 (802.11n), Wi-Fi 3 (802.11g), Wi-Fi 2 (802.11a)",Yes,Tizen,Yes,33 hours,8 GB,https://owp.klarna.com/product/252x252/3012360636/Samsung-Galaxy-Watch6-Classic-43mm-BT.jpg?ph:true
Samsung Galaxy Watch6 44mm 4G,$219.99,Yes,"Wi-Fi 1 (802.11b), Wi-Fi 4 (802.11n), Wi-Fi 3 (802.11g), Wi-Fi 2 (802.11a)",Yes,Tizen,Yes,34 hours,4GB,https://owp.klarna.com/product/252x252/3012354546/Samsung-Galaxy-Watch6-44mm-4G.jpg?ph:true
Samsung Galaxy Watch 5 44mm,$232.52,Yes,Wi-Fi 4 (802.11n),Yes,Tizen,Yes,35 hours,8 GB,https://owp.klarna.com/product/252x252/3005891599/Samsung-Galaxy-Watch-5-44mm.jpg?ph:true
Samsung Galaxy Watch 42mm Bluetooth,$127.85,Yes,"Wi-Fi 1 (802.11b), Wi-Fi 4 (802.11n), Wi-Fi 3 (802.11g)",Yes,Tizen,Yes,36 hours,64 GB,https://owp.klarna.com/product/252x252/1864776659/Samsung-Galaxy-Watch-42mm-Bluetooth.jpg?ph:true
Samsung Galaxy Watch 5 Pro 45mm LTE,$256.51,Yes,"Wi-Fi 1 (802.11b), Wi-Fi 4 (802.11n), Wi-Fi 3 (802.11g)",Yes,Wear OS,Yes,37 hours,64 GB,https://owp.klarna.com/product/252x252/3005891631/Samsung-Galaxy-Watch-5-Pro-45mm-LTE.jpg?ph:true
Samsung Galaxy Watch6 Classic 43mm 4G,$289.99,Yes,"Wi-Fi 1 (802.11b), Wi-Fi 4 (802.11n), Wi-Fi 3 (802.11g), Wi-Fi 2 (802.11a)",Yes,Wear OS,Yes,40 hours,64 GB,https://owp.klarna.com/product/252x252/3012344504/Samsung-Galaxy-Watch6-Classic-43mm-4G.jpg?ph:true
Samsung Galaxy Watch6 40mm 4G,$199.99,Yes,"Wi-Fi 1 (802.11b), Wi-Fi 4 (802.11n), Wi-Fi 3 (802.11g), Wi-Fi 2 (802.11a)",Yes,Wear OS,Yes,40 hours,8 GB,https://owp.klarna.com/product/252x252/3012344436/Samsung-Galaxy-Watch6-40mm-4G.jpg?ph:true
Samsung Galaxy Watch Active 2 40mm LTE Stainless Steel,$97.99,Yes,Wi-Fi 4 (802.11n),Yes,Wear OS,Yes,40 hours,4GB,https://owp.klarna.com/product/252x252/1906939826/Samsung-Galaxy-Watch-Active-2-40mm-LTE-Stainless-Steel.jpg?ph:true
Samsung Galaxy Watch 4 44mm Bluetooth,$129.99,Yes,Wi-Fi,Yes,Wear OS,Yes,40 hours,8 GB,https://owp.klarna.com/product/252x252/3002519421/Samsung-Galaxy-Watch-4-44mm-Bluetooth.jpg?ph:true
Samsung Galaxy Watch 4 Classic 42mm Bluetooth,$159.99,Yes,Wi-Fi,Yes,Wear OS,Yes,24 hours,4 GB,https://owp.klarna.com/product/252x252/3002523058/Samsung-Galaxy-Watch-4-Classic-42mm-Bluetooth.jpg?ph:true
Samsung Galaxy Watch 5 40mm LTE,$250.49,Yes,No,Yes,Wear OS,Yes,24 hours,8 GB,https://owp.klarna.com/product/252x252/3005891618/Samsung-Galaxy-Watch-5-40mm-LTE.jpg?ph:true
Samsung Galaxy Watch 4 40mm LTE,$149.00,Yes,No,Yes,Wear OS,Yes,24 hours,64 GB,https://owp.klarna.com/product/252x252/3002518975/Samsung-Galaxy-Watch-4-40mm-LTE.jpg?ph:true
Samsung Galaxy Watch 4 44mm LTE,$149.99,No,No,Yes,Wear OS,Yes,30 hours,8 GB,https://owp.klarna.com/product/252x252/3002519263/Samsung-Galaxy-Watch-4-44mm-LTE.jpg?ph:true
Garmin Fenix 8 43mm Sapphire with Silicone Band,"$1,099.00",Yes,"Wi-Fi, Bluetooth",Yes,Wear OS,Yes,30 hours,32GB,https://owp.klarna.com/product/80x80/3137021522/Garmin-Fenix-8-43mm-Sapphire-with-Silicone-Band.jpg?ph=true&fmt=avif
Google Pixel Watch 3 45mm Bluetooth,$329.99,Yes,"Wi-Fi,Bluetooth",Yes,Wear OS,Yes,20 hours,32GB,https://owp.klarna.com/product/80x80/3132715657/GoPixel-Watch-3-45mm-Bluetooth.jpg?ph=true&fmt=avif
LEMFO LT10 Smart Watch 2024 Android Gift Bluetooth Call Smartwatch 2024 Touch Dial Music Fitness Tracker Sports Watches,$50,No,Both,No,Android,Yes,10 Days,64GB,https://ae-pic-a1.aliexpress-media.com/kf/Scc58e74d81714da5a3b9931d3b4909d7L/LEMFO-LT10-Smart-Watch-2024-Android-Gift-Bluetooth-Call-Smartwatch-2024-Touch-Dial-Music-Fitness-Tracker.jpg_350x350xz.jpg_.webp
Multifunctional Smart Watch Men Women Bluetooth Connected Phone Music Fitness Sports Bracelet Sleep Monitor Y68 Smartwatch D20,$150,Yes,Wi-Fi,Yes,Custom,Yes,10 Days,4GB,https://ae-pic-a1.aliexpress-media.com/kf/S1a06781e51934dde9c6dfb5058ff4136t/Multifunctional-Smart-Watch-Men-Women-Bluetooth-Connected-Phone-Music-Fitness-Sports-Bracelet-Sleep-Monitor-Y68-Smartwatch.jpg_350x350xz.jpg_.webp
Watch 10 Ultra Smart Watch 49mm 2024 New NFC Men Women GPS Track Bluetooth Call BT Music Games Wireless Charging Smartwatch,$150,Yes,Wi-Fi,Yes,Custom,No,10 Days,16GB,https://ae-pic-a1.aliexpress-media.com/kf/Sada23cb99f5b42b58c4c16bc95f35dd0r/Watch-10-Ultra-Smart-Watch-49mm-2024-New-NFC-Men-Women-GPS-Track-Bluetooth-Call-BT.jpg_350x350xz.jpg_.webp
2024 Watch 9 Smart Watch Men Body Temperature BT Call NFC Always on Display GPS Sport Watches Women Smartwatch For Apple Android,$150,No,None,Yes,iOS,Yes,10 Days,4GB,https://ae-pic-a1.aliexpress-media.com/kf/S080f01fa417a44d4aab6b61115e603ac6/2024-Watch-9-Smart-Watch-Men-Body-Temperature-BT-Call-NFC-Always-on-Display-GPS-Sport.jpg_350x350xz.jpg_.webp
1.83 Waterproof Smart Watch with Message Answer Call Sleep Monitoring Sports Pedometer Information Alerts For iPhone Android,$50,No,Bluetooth,No,iOS,No,1 Day,16GB,https://ae-pic-a1.aliexpress-media.com/kf/S5cd68df449704f91be629a27f266bfc1r/1-83-Waterproof-Smart-Watch-with-Message-Answer-Call-Sleep-Monitoring-Sports-Pedometer-Information-Alerts-For.jpg_350x350xz.jpg_.webp
Apex Fit Sport S06 Smartwatch 1.91 Full Touch Screen BT Call Outdoor Fitness Tracker Smart Watch With IP68 Waterproof,$350,No,None,Yes,Both,No,5 Days,8GB,https://ae-pic-a1.aliexpress-media.com/kf/A6d28016358e947368d2b6ec8e5f7c4fet/Apex-Fit-Sport-S06-Smartwatch-1-91-Full-Touch-Screen-BT-Call-Outdoor-Fitness-Tracker-Smart.jpg_350x350xz.jpg_.webp
M6 Smart Watch Men Women Fitness Smart Bracelet Sports Band Heart Rate Blood Pressure Monitor Waterproof Multi-function Watches,$500,No,Wi-Fi,No,iOS,No,1 Day,16GB,https://ae-pic-a1.aliexpress-media.com/kf/Se050fdf23a84481daf0b19b1c4d400ffp/M6-Smart-Watch-Men-Women-Fitness-Smart-Bracelet-Sports-Band-Heart-Rate-Blood-Pressure-Monitor-Waterproof.jpg_350x350xz.jpg_.webp
New Smart Watch 9 Pro Real Fixed Screw 45mm 2.19 Amoled Screen with ECG Game Wireless Charge 450Mah Men Women For Apple Android,$300,Yes,None,Yes,Android,No,7 Days,16GB,https://ae-pic-a1.aliexpress-media.com/kf/Sc8454afdfdda4c5091ad1bc22db125deO/New-Smart-Watch-9-Pro-Real-Fixed-Screw-45mm-2-19-Amoled-Screen-with-ECG-Game.jpg_350x350xz.jpg_.webp
LAXASFIT 2024 New Smart Watch Android IOS 1.73 inch Color Screen Full Touch Custom Dial Bluetooth Talk Smart Watch for Men Women,$250,Yes,Both,No,Both,Yes,1 Day,4GB,https://ae-pic-a1.aliexpress-media.com/kf/Se382a4b078174050b960b539e1d0e397j/LAXASFIT-2024-New-Smart-Watch-Android-IOS-1-73-inch-Color-Screen-Full-Touch-Custom-Dial.png_350x350xz.png_.webp
Original Men Smart Watch Bluetooth Call Fitness Clock 3ATM IP68 Swim Waterproof Sports Smartwatch for Women Xiaomi Android 2024,$200,No,Bluetooth,No,Both,Yes,3 Days,4GB,https://ae-pic-a1.aliexpress-media.com/kf/Scfb4af4f3e474b199d20cf64b62772faS/Original-Men-Smart-Watch-Bluetooth-Call-Fitness-Clock-3ATM-IP68-Swim-Waterproof-Sports-Smartwatch-for-Women.jpg_350x350xz.jpg_.webp
Original Smart Watch Ultra 2 Newest 7+1 Straps Sport Watches for Men Women Bluetooth Phone Call Waterproof Series 9 Band Watch 9,$200,Yes,Both,Yes,Both,Yes,1 Day,16GB,https://ae-pic-a1.aliexpress-media.com/kf/S411fa06a2f564259a3fecc57659a4223t/Original-Smart-Watch-Ultra-2-Newest-7-1-Straps-Sport-Watches-for-Men-Women-Bluetooth-Phone.jpg_350x350xz.jpg_.webp
2024 new Smart Watch 9 ultra Pro MAX Gen 2 49mm Amoled Screen Smartwatch High Refresh Rate Wireless Charging Men Women For Sport,$450,Yes,Both,No,Custom,No,3 Days,4GB,https://ae-pic-a1.aliexpress-media.com/kf/S1f80f414643c4ae2aa7d57e56adeb2cay/2024-new-Smart-Watch-9-ultra-Pro-MAX-Gen-2-49mm-Amoled-Screen-Smartwatch-High-Refresh.jpg_350x350xz.jpg_.webp
2024 New Watch10 Smart Watch Fitness Women Always Display Men Bluetooth Call Sport Watch Series9 Waterproof smartwatch for Apple,$100,Yes,Both,No,Custom,No,5 Days,8GB,https://ae-pic-a1.aliexpress-media.com/kf/S80416a32689e4a4ab90396f539828801O/2024-New-Watch10-Smart-Watch-Fitness-Women-Always-Display-Men-Bluetooth-Call-Sport-Watch-Series9-Waterproof.jpg_350x350xz.jpg_.webp
2024 New Smart Watches for Men Women Newest 2024 Sport SmartWatch DIY Watch Faces Bluetooth Call Phone Smart Band PK H13 H5 P73,$100,No,Wi-Fi,Yes,Custom,No,1 Day,16GB,https://ae-pic-a1.aliexpress-media.com/kf/Sc40c49b63d714b41b84b688bc034d0996/2024-New-Smart-Watches-for-Men-Women-Newest-2024-Sport-SmartWatch-DIY-Watch-Faces-Bluetooth-Call.jpg_350x350xz.jpg_.webp
LAXASFIT H9 Smartwatch Dial to Answer Calls Calorie Tracking Heart Rate Blood Oxygen Monitoring Bluetooth Smart Watch,$200,Yes,None,Yes,Custom,No,3 Days,8GB,https://ae-pic-a1.aliexpress-media.com/kf/Sfc649d8551724027a08b844cd13af21dK/LAXASFIT-H9-Smartwatch-Dial-to-Answer-Calls-Calorie-Tracking-Heart-Rate-Blood-Oxygen-Monitoring-Bluetooth-Smart.png_350x350xz.png_.webp
New GPS Smart Watch Men For Apple Watch 9 Series Always On Display Body Temperature BT Call NFC Women Smartwatch For IOS Android,$200,No,Bluetooth,No,Android,Yes,10 Days,16GB,https://ae-pic-a1.aliexpress-media.com/kf/S80a8cf863043440db84f6fba80488f8d6/New-GPS-Smart-Watch-Men-For-Apple-Watch-9-Series-Always-On-Display-Body-Temperature-BT.jpg_350x350xz.jpg_.webp
Original T900 Ultra 2 Smart Watch 49mm Men Women Bluetooth Call BT Music Wireless Charging NFC Smartwatch For Android IOS,$350,No,Wi-Fi,Yes,iOS,Yes,3 Days,32GB,https://ae-pic-a1.aliexpress-media.com/kf/Sfa987be67688415986f6ae96ffe87ca4f/Original-T900-Ultra-2-Smart-Watch-49mm-Men-Women-Bluetooth-Call-BT-Music-Wireless-Charging-NFC.jpg_350x350xz.jpg_.webp
"COLMI P81 Voice Calling Smart Watch Ultra 1.9 inch Screen 24H Health Monitor 100+ Sports Modes, Bluetooth Smartwatch Men Women",$400,Yes,Both,Yes,Both,Yes,10 Days,4GB,https://ae-pic-a1.aliexpress-media.com/kf/S341685892ec74437bab1c255aee4e2f6B/COLMI-P81-Voice-Calling-Smart-Watch-Ultra-1-9-inch-Screen-24H-Health-Monitor-100-Sports.png_350x350xz.png_.webp
Multifunctional Smart Watch Men Women Bluetooth Connected Phone Music Fitness Sports Bracelet Sleep Monitor Y68 Smartwatch D20,$100,Yes,Bluetooth,Yes,Android,No,10 Days,8GB,https://ae-pic-a1.aliexpress-media.com/kf/Sa5831401110b4464b87cccfdfb1dd92e1/Multifunctional-Smart-Watch-Men-Women-Bluetooth-Connected-Phone-Music-Fitness-Sports-Bracelet-Sleep-Monitor-Y68-Smartwatch.jpg_350x350xz.jpg_.webp
"for Samsung Watch 7 Ultra 47mm Smart Watch IP68 Waterproof Bluetooth Call Compass Smartwatch for Men Women 1.43"" AMOLED Screen",$400,Yes,Bluetooth,Yes,Both,Yes,10 Days,4GB,https://ae-pic-a1.aliexpress-media.com/kf/S6b490469bd8d4b37812fe5c201198cecV/for-Samsung-Watch-7-Ultra-47mm-Smart-Watch-IP68-Waterproof-Bluetooth-Call-Compass-Smartwatch-for-Men.jpg_350x350xz.jpg_.webp
2025 New Galaxy Smart Watch 7 Ultra Men AMOLED Screen Sports Multi-Function  Fitness Tracker Health Women Smartwatch For Samsung,$100,No,None,No,Android,Yes,7 Days,4GB,https://ae-pic-a1.aliexpress-media.com/kf/S11213c4d162c45069eaa16ec74ae4439n/2025-New-Galaxy-Smart-Watch-7-Ultra-Men-AMOLED-Screen-Sports-Multi-Function-Fitness-Tracker-Health.png_350x350xz.png_.webp
For Apple Watch Gold Ultra 2 Smart Watch Series 9 Men Women Sport Bluetooth Call BT Music Games Wireless Charger 49mm Smartwatch,$350,Yes,None,No,Both,Yes,10 Days,64GB,https://ae-pic-a1.aliexpress-media.com/kf/S2425d940a0674ab4b2c8b510b83b087em/For-Apple-Watch-Gold-Ultra-2-Smart-Watch-Series-9-Men-Women-Sport-Bluetooth-Call-BT.jpg_350x350xz.jpg_.webp
D18 Smart Watch Men Women Smartwatch Blood Pressure Waterproof Digital Watches Sports Fitness Tracker Watch for apple watch band,$100,Yes,None,Yes,Both,Yes,3 Days,64GB,https://ae-pic-a1.aliexpress-media.com/kf/S03fbe59caee3446c9af7b9d34ba2f518L/D18-Smart-Watch-Men-Women-Smartwatch-Blood-Pressure-Waterproof-Digital-Watches-Sports-Fitness-Tracker-Watch-for.jpg_350x350xz.jpg_.webp
New GPS Smart Watch Men For Apple Watch 9 Series Always On Display Body Temperature BT Call NFC Women Smartwatch For IOS Android,$450,No,Wi-Fi,No,iOS,Yes,3 Days,4GB,https://ae-pic-a1.aliexpress-media.com/kf/Sb927bab5a80948cf9b8e8038e64bba04k/New-GPS-Smart-Watch-Men-For-Apple-Watch-9-Series-Always-On-Display-Body-Temperature-BT.jpg_350x350xz.jpg_.webp
Original 1.83'' Smart Watch Clock Fitness Heart Monitor Sport Smartwatch Bluetooth Calls Watches for Men Women PK Amazfit 2024,$50,No,Bluetooth,Yes,Custom,No,10 Days,64GB,https://ae-pic-a1.aliexpress-media.com/kf/H8833148c0c574c908f31cdebd263d057C/Original-1-83-Smart-Watch-Clock-Fitness-Heart-Monitor-Sport-Smartwatch-Bluetooth-Calls-Watches-for-Men.jpg_350x350xz.jpg_.webp
New Women Bluetooth Call Smart Watch HeartRate Blood Pressure Monitoring Smartwatches Waterproof Men Smartwatch For Samsung IOS,$500,Yes,Both,No,Both,No,3 Days,64GB,https://ae-pic-a1.aliexpress-media.com/kf/S5baa60b93b894c54b7bfb02d6da2b115q/New-Women-Bluetooth-Call-Smart-Watch-HeartRate-Blood-Pressure-Monitoring-Smartwatches-Waterproof-Men-Smartwatch-For-Samsung.jpg_350x350xz.jpg_.webp
S10 ultra 2 Smart Watch Ultra 7+1 Strap Cheaper Pirce Phone Call Bluetooth Waterproof Sport Watch 2024 for Apple Watch Series 10,$300,Yes,Wi-Fi,No,Custom,No,10 Days,4GB,https://ae-pic-a1.aliexpress-media.com/kf/Sbb497ab350f54d2a80a6e1c458c3459aH/S10-ultra-2-Smart-Watch-Ultra-7-1-Strap-Cheaper-Pirce-Phone-Call-Bluetooth-Waterproof-Sport.jpg_350x350xz.jpg_.webp
New GPS Smart Watch Men For Apple Watch 9 Series Always On Display Body Temperature BT Call NFC Women Smartwatch For IOS Android,$450,Yes,Bluetooth,Yes,Android,No,7 Days,32GB,https://ae-pic-a1.aliexpress-media.com/kf/S26e3bc67645b459780a8f287298380a37/New-GPS-Smart-Watch-Men-For-Apple-Watch-9-Series-Always-On-Display-Body-Temperature-BT.jpg_350x350xz.jpg_.webp
2024 New For Huawei Xiaomi AMOLED Smart Watch Men Rugged Military Bluetooth Call GPS Track 500Mah 3ATM Waterproof Smartwatch,$350,No,None,No,iOS,Yes,10 Days,64GB,https://ae-pic-a1.aliexpress-media.com/kf/Sf53e42f0db2a448da68a679932ce0aa7G/2024-New-For-Huawei-Xiaomi-AMOLED-Smart-Watch-Men-Rugged-Military-Bluetooth-Call-GPS-Track-500Mah.jpg_350x350xz.jpg_.webp
Xiaomi New Kids Smart Watch SOS Phone Watch With Sim Card Ip67 Waterproof Remote Photo For Children For Ios Android Kids Gift,$300,Yes,Bluetooth,No,iOS,Yes,5 Days,8GB,https://ae-pic-a1.aliexpress-media.com/kf/S71a68d8a788545f6931c193dc5a51860m/Xiaomi-New-Kids-Smart-Watch-SOS-Phone-Watch-With-Sim-Card-Ip67-Waterproof-Remote-Photo-For.jpg_350x350xz.jpg_.webp
I10 Pro Max 2024 New Smart Watch Dynamic Island Answer Call Sport Fitness Tracker Custom Dial Smartwatch Men Women Gift,$250,No,Bluetooth,Yes,Custom,No,3 Days,32GB,https://ae-pic-a1.aliexpress-media.com/kf/S86c31ee17058460a8c6742f1f25fb83a0/I10-Pro-Max-2024-New-Smart-Watch-Dynamic-Island-Answer-Call-Sport-Fitness-Tracker-Custom-Dial.jpg_350x350xz.jpg_.webp
2024 NEW Smart Watch Wireless Charging Smartwatch Bluetooth Calls Men Women Watches Fitness Bracelet Custom Watch Face,$100,No,Both,No,Android,Yes,5 Days,4GB,https://ae-pic-a1.aliexpress-media.com/kf/Sea23bd842a3941d2bb2824e706ccb48fR/2024-NEW-Smart-Watch-Wireless-Charging-Smartwatch-Bluetooth-Calls-Men-Women-Watches-Fitness-Bracelet-Custom-Watch.jpg_350x350xz.jpg_.webp
Original T900 Ultra Big Smart Watch Wholesale 2.09 inch Bluetooth Call IWO Series 8 Men Women Sports Smartwatch For IOS Android,$100,No,None,Yes,Both,No,5 Days,64GB,https://ae-pic-a1.aliexpress-media.com/kf/S75908feea273483dbb0665e650531afbr/Original-T900-Ultra-Big-Smart-Watch-Wholesale-2-09-inch-Bluetooth-Call-IWO-Series-8-Men.jpg_350x350xz.jpg_.webp
Smart Watch 7in1 Strap 9 Ultra Smartwatch 2.2”High-Definition Screen Heart Rate Monitoring NFC Men's and Women's Watch Gift,$50,Yes,Wi-Fi,No,iOS,No,3 Days,64GB,https://ae-pic-a1.aliexpress-media.com/kf/S5ce4e54aa82948b6af6d158b3a267e1af/Smart-Watch-7in1-Strap-9-Ultra-Smartwatch-2-2-High-Definition-Screen-Heart-Rate-Monitoring-NFC.jpg_350x350xz.jpg_.webp
LAXASFIT New Smart Watch 1.73 inch Color Screen Full Touch Custom Dial Bluetooth Call Men Women Smart Watch Android IOS,$200,No,Both,Yes,Both,Yes,10 Days,4GB,https://ae-pic-a1.aliexpress-media.com/kf/S99a9b045896c4476a5706f43517d91c27/LAXASFIT-New-Smart-Watch-1-73-inch-Color-Screen-Full-Touch-Custom-Dial-Bluetooth-Call-Men.png_350x350xz.png_.webp
2024 Original KOSPET TANK T3 Ultra GPS Smart Watch Men Smartwatch 470mAh Digital Fitness AMOLED AOD Bluetooth Electronic Watches,$300,No,Bluetooth,No,Both,No,10 Days,8GB,https://ae-pic-a1.aliexpress-media.com/kf/S476013e0578b4d6cb8f3659cc610b2c2L/2024-Original-KOSPET-TANK-T3-Ultra-GPS-Smart-Watch-Men-Smartwatch-470mAh-Digital-Fitness-AMOLED-AOD.jpg_350x350xz.jpg_.webp
2024 New For HUAWEI WATCH GT5 Pro Smart Watch Men 1.53 inch HD AMOLED Screen GPS Compass Altimeter Waterproof BT Call Smartwatch,$400,Yes,None,Yes,Android,No,7 Days,16GB,https://ae-pic-a1.aliexpress-media.com/kf/S482da0d5d6fd4536832f0b3c51457454U/2024-New-For-HUAWEI-WATCH-GT5-Pro-Smart-Watch-Men-1-53-inch-HD-AMOLED-Screen.jpg_350x350xz.jpg_.webp
For Huawei Smart Watch Men Watch 5 Pro AMOLED HD Screen Bluetooth Call NFC Health Monitoring Smartwatch 2024 New Watch GT5Pro,$100,No,Both,No,iOS,Yes,1 Day,4GB,https://ae-pic-a1.aliexpress-media.com/kf/S482da0d5d6fd4536832f0b3c51457454U/For-Huawei-Smart-Watch-Men-Watch-5-Pro-AMOLED-HD-Screen-Bluetooth-Call-NFC-Health-Monitoring.jpg_350x350xz.jpg_.webp
New Galaxy Smart Watch TF7 Ultra Men AMOLED Screen Multi-Function Sports Fitness Tracker Health Women smart watch for Samsung,$250,No,Wi-Fi,Yes,Custom,No,5 Days,32GB,https://ae-pic-a1.aliexpress-media.com/kf/S895a99563bb6469b870fd1ce68c2ae944/New-Galaxy-Smart-Watch-TF7-Ultra-Men-AMOLED-Screen-Multi-Function-Sports-Fitness-Tracker-Health-Women.png_350x350xz.png_.webp
2024 GPS Smart Watch Women Series 10 Screen Bluetooth Call Heart Rate Blood Pressure Men Smartwatch for Apple Watch IWO Watch 9,$350,Yes,Bluetooth,No,iOS,Yes,1 Day,32GB,https://ae-pic-a1.aliexpress-media.com/kf/S3dd1ded512bf444397cbffc1df472d9dA/2024-GPS-Smart-Watch-Women-Series-10-Screen-Bluetooth-Call-Heart-Rate-Blood-Pressure-Men-Smartwatch.jpg_350x350xz.jpg_.webp
2024 New Smart Watch Men 710mAh Large Battery LED Flashlight Watches 1.85'' Screen Health Monitoring Sport Smartwatch For Xiaomi,$300,No,Both,Yes,Custom,Yes,1 Day,4GB,https://ae-pic-a1.aliexpress-media.com/kf/Sd104c81e854d4102959ae84d07458c05J/2024-New-Smart-Watch-Men-710mAh-Large-Battery-LED-Flashlight-Watches-1-85-Screen-Health-Monitoring.jpg_350x350xz.jpg_.webp
Smart Watch For Samsung Galaxy Watch 7 Ultra Men GPS Tracking NFC Control Smartwatch Health Tracker BT Call SmartWatch 2024 NEW,$450,No,None,No,Both,No,3 Days,32GB,https://ae-pic-a1.aliexpress-media.com/kf/S81fa6277bbc64e7188bc014561ab4bcaR/Smart-Watch-For-Samsung-Galaxy-Watch-7-Ultra-Men-GPS-Tracking-NFC-Control-Smartwatch-Health-Tracker.jpg_350x350xz.jpg_.webp
New For Samsung Watch Ultra GPS Compass NFC Smart Watch Outdoor Sport Man AMOLED BT Call IP68 Galaxy 6 Upgraded Smartwatch Women,$450,Yes,Wi-Fi,No,iOS,Yes,3 Days,16GB,https://ae-pic-a1.aliexpress-media.com/kf/S6ed40d613b604236b7cd372c462bbe8ch/New-For-Samsung-Watch-Ultra-GPS-Compass-NFC-Smart-Watch-Outdoor-Sport-Man-AMOLED-BT-Call.jpg_350x350xz.jpg_.webp
2024 New GPS Sports NFC Fashion Smartwatch Mens 1.85 AMOLED Screen Heart Rate Blood Pressure Health Smart Watch For Huawei IOS,$450,No,Wi-Fi,Yes,Custom,No,7 Days,64GB,https://ae-pic-a1.aliexpress-media.com/kf/Se5e308ca43c644159acb68f01bba2c82O/2024-New-GPS-Sports-NFC-Fashion-Smartwatch-Men-s-1-85-AMOLED-Screen-Heart-Rate-Blood.jpg_350x350xz.jpg_.webp
For HUAWEI GT5 Pro GPS NFC Smart Watch Men 360X360 AMOLED Screen Heart rate Bluetooth Call IP67 Waterproof Man Smartwatch 2024,$250,Yes,Both,Yes,Custom,Yes,3 Days,4GB,https://ae-pic-a1.aliexpress-media.com/kf/S8b5990a040e74256b3af491f1708d641I/For-HUAWEI-GT5-Pro-GPS-NFC-Smart-Watch-Men-360-360-AMOLED-Screen-Heart-rate-Bluetooth.jpg_350x350xz.jpg_.webp
Smart Watch For Samsung Galaxy Watch 7 Ultra Men GPS Tracking NFC Control SmartWatch Health Tracker BT Call Smartwatch 2024 W7,$200,Yes,Bluetooth,Yes,Custom,Yes,5 Days,4GB,https://ae-pic-a1.aliexpress-media.com/kf/Sc37134449868483c83c1620c4b720292S/Smart-Watch-For-Samsung-Galaxy-Watch-7-Ultra-Men-GPS-Tracking-NFC-Control-SmartWatch-Health-Tracker.jpg_350x350xz.jpg_.webp
256GB S10 AMOLED Big Screen Smartwatch 4G Android System GPS WIFI Compass Titanium alloy case S9 Ultra Smart Watch Men,$100,Yes,Bluetooth,No,iOS,No,7 Days,32GB,https://ae-pic-a1.aliexpress-media.com/kf/Sdff2b4f623b94428a511112658fafdb0i/256GB-S10-AMOLED-Big-Screen-Smartwatch-4G-Android-System-GPS-WIFI-Compass-Titanium-alloy-case-S9.jpg_350x350xz.jpg_.webp
New Smart Watch 9 Pro Real Fixed Screw 45mm 2.19 Amoled Screen with ECG Game Wireless Charge 450Mah Men Women For Apple Android,$400,No,None,No,Custom,No,5 Days,4GB,https://ae-pic-a1.aliexpress-media.com/kf/S978ca938f3414847891245d59cd6739fe/New-Smart-Watch-9-Pro-Real-Fixed-Screw-45mm-2-19-Amoled-Screen-with-ECG-Game.jpg_350x350xz.jpg_.webp
S10 ultra 2 Smart Watch Ultra Series 9 7+1 Straps Phone Call Bluetooth Waterproof Sport Watch 2024 Heart Rate Detect PK Watch 10,$50,Yes,Both,No,Android,Yes,1 Day,32GB,https://ae-pic-a1.aliexpress-media.com/kf/S0d6aad0d9af9454da12d017523669fdbT/S10-ultra-2-Smart-Watch-Ultra-Series-9-7-1-Straps-Phone-Call-Bluetooth-Waterproof-Sport.jpg_350x350xz.jpg_.webp
2024 New For Huawei Xiaomi GT5 Pro Smart Watch Men NFC GPS Tracker AMOLED 360*360 HD Screen Heart Rate Bluetooth Call SmartWatch,$500,Yes,Bluetooth,Yes,iOS,Yes,5 Days,64GB,https://ae-pic-a1.aliexpress-media.com/kf/S9abd0e2136aa40eba01dc95c4d3ed466d/2024-New-For-Huawei-Xiaomi-GT5-Pro-Smart-Watch-Men-NFC-GPS-Tracker-AMOLED-360-360.jpg_350x350xz.jpg_.webp
Gabb Watch 3e - Smart Watch Phone for Kids,$52.99,Yes,"Bluetooth, Wi-Fi",Yes,Wear OS,No,12 hours,8GB,https://target.scene7.com/is/image/Target/GUEST_b0885ef9-ed41-41bf-af48-3cd392b5e68a?qlt=65&fmt=webp&hei=350&wid=350
Garmin Forerunner 55 GPS Running Smartwatch,$149.99,No,Bluetooth,No,Custom OS,Yes,12 hours,8GB,https://target.scene7.com/is/image/Target/GUEST_7a89d400-c521-4ea4-81fc-b6a796f729b7?qlt=65&fmt=webp&hei=350&wid=350
Apple Watch SE (2024) Aluminum Case,$249.99 - $329.99,No,Wi-Fi,Yes,Wear OS,No,48 hours,64GB,https://target.scene7.com/is/image/Target/GUEST_cd5ead4f-5fa8-40d9-aacd-a03bd89767b3?qlt=65&fmt=webp&hei=350&wid=350
Apple Watch Series 10 Titanium Case (2024),$629.99 - $729.99,Yes,Bluetooth,No,Wear OS,No,12 hours,64GB,https://target.scene7.com/is/image/Target/GUEST_a5b35ee5-dfe4-41a8-920e-35ae5e2e2c68?qlt=65&fmt=webp&hei=350&wid=350
Apple Watch Ultra 2 GPS + Cellular (2024) Titanium Case,$799.99 - $899.99,Yes,Bluetooth,Yes,Tizen,No,48 hours,32GB,https://target.scene7.com/is/image/Target/GUEST_0b3c7282-6603-4ae4-a2df-ab9bae4526f3?qlt=65&fmt=webp&hei=350&wid=350
Apple Watch Series 10 Aluminum Case (2024),$329.99 - $459.99,No,Bluetooth,No,RTOS,No,1 week,32GB,https://target.scene7.com/is/image/Target/GUEST_29e4bbe5-964b-4879-9540-08afee45e177?qlt=65&fmt=webp&hei=350&wid=350
Garmin Bounce  Kids Smartwatch,$129.99,No,"Bluetooth, Wi-Fi",Yes,RTOS,Yes,48 hours,16GB,https://target.scene7.com/is/image/Target/GUEST_306a0731-8a1c-42f5-b94f-a7de586f9342?qlt=65&fmt=webp&hei=350&wid=350
Garmin Venu 3,$349.99,No,Bluetooth,No,Wear OS,No,1 week,64GB,https://target.scene7.com/is/image/Target/GUEST_d9f6333c-e01f-4e3a-8c1d-d173b0612e76?qlt=65&fmt=webp&hei=350&wid=350
Garmin Venu 3S Ivory and Soft Gold,$349.99,No,"Bluetooth, Wi-Fi",No,Custom OS,No,72 hours,64GB,https://target.scene7.com/is/image/Target/GUEST_926da2ba-8990-48ac-b286-60003b8eac3d?qlt=65&fmt=webp&hei=350&wid=350
Garmin vivoactive 5,$199.99,Yes,"Bluetooth, Wi-Fi",Yes,RTOS,No,1 week,4GB,https://target.scene7.com/is/image/Target/GUEST_21cea95d-23ab-44e1-81f0-891663cc681d?qlt=65&fmt=webp&hei=350&wid=350
Apple Watch SE (2023),$249.99 - $329.99,Yes,Wi-Fi,No,Tizen,No,1 week,4GB,https://target.scene7.com/is/image/Target/GUEST_3aed1137-1452-4544-840f-26f3dcac3f9c?qlt=65&fmt=webp&hei=350&wid=350
iTouch Air 4 Smartwatch,$49.99,Yes,Bluetooth,No,Tizen,No,24 hours,4GB,https://target.scene7.com/is/image/Target/GUEST_55973c7d-ff03-4601-8af6-636dd26bbb8e?qlt=65&fmt=webp&hei=350&wid=350
Garmin vivosmart 5,$149.99,Yes,Wi-Fi,Yes,Tizen,Yes,12 hours,16GB,https://target.scene7.com/is/image/Target/GUEST_37181a27-c9f4-46a5-9d75-4323cd393f34?qlt=65&fmt=webp&hei=350&wid=350
iTouch Sport 4 Smartwatch - Titanium,$49.99,Yes,Bluetooth,No,Wear OS,Yes,24 hours,8GB,https://target.scene7.com/is/image/Target/GUEST_fc6a022e-1967-4e06-8cdb-0f22e359dad3?qlt=65&fmt=webp&hei=350&wid=350
iTouch Active 4 Smartwatch - Black,$29.99,No,Wi-Fi,No,Tizen,No,72 hours,16GB,https://target.scene7.com/is/image/Target/GUEST_5d8c213a-2e52-451f-ac66-bf7cca9217b0?qlt=65&fmt=webp&hei=350&wid=350
Garmin vivomove Trend,$269.99 - $299.99,No,"Bluetooth, Wi-Fi",Yes,Tizen,No,1 week,4GB,https://target.scene7.com/is/image/Target/GUEST_b5dca0e1-6a31-436a-9703-bcbcb7cf4370?qlt=65&fmt=webp&hei=350&wid=350
Garmin fenix 7X Pro,$649.99 - $749.99,Yes,"Bluetooth, Wi-Fi",No,Tizen,Yes,72 hours,32GB,https://target.scene7.com/is/image/Target/GUEST_98f752eb-bc54-4364-bdd9-920779ccf288?qlt=65&fmt=webp&hei=350&wid=350
Cubitt Jr Smart Watch Fitness Tracker for Kids,$49.95,Yes,Wi-Fi,Yes,RTOS,No,1 week,32GB,https://target.scene7.com/is/image/Target/GUEST_13f0f20f-885c-4925-9e0d-4184f893bdef?qlt=65&fmt=webp&hei=350&wid=350
iTouch Air 4 Smartwatch Jillian Michaels,$49.99,No,Wi-Fi,Yes,Tizen,Yes,48 hours,16GB,https://target.scene7.com/is/image/Target/GUEST_d9d06260-c755-46b9-a74c-803f6cab8695?qlt=65&fmt=webp&hei=350&wid=350
Garmin epix Pro (Gen 2) Sapphire Edition,$649.99 - $849.99,No,Wi-Fi,Yes,RTOS,Yes,72 hours,4GB,https://target.scene7.com/is/image/Target/GUEST_3b758515-46e0-4a95-8fa5-4ff8f19eabcc?qlt=65&fmt=webp&hei=350&wid=350
Garmin Vívomove Sport Smartwatch,$167.99 - $179.99,No,"Bluetooth, Wi-Fi",Yes,RTOS,Yes,1 week,32GB,https://target.scene7.com/is/image/Target/GUEST_93261853-5a71-444f-8c24-da9b2888fcf0?qlt=65&fmt=webp&hei=350&wid=350
Garmin Bounce™ Kids Smartwatch,$129.99,No,"Bluetooth, Wi-Fi",No,RTOS,Yes,1 week,64GB,https://target.scene7.com/is/image/Target/GUEST_306a0731-8a1c-42f5-b94f-a7de586f9342?qlt=65&fmt=webp&hei=350&wid=350
iTouch Sport 4 Smartwatch - Ocean Green Case with Ocean Strap,$49.99,No,"Bluetooth, Wi-Fi",Yes,Wear OS,No,24 hours,8GB,https://target.scene7.com/is/image/Target/GUEST_1600e6e0-046c-463f-83cb-cbe2a891164a?qlt=65&fmt=webp&hei=350&wid=350
Apple Watch SE (2021),$279.99 - $359.99,Yes,Bluetooth,Yes,Tizen,Yes,48 hours,64GB,https://target.scene7.com/is/image/Target/GUEST_0b1bd3ed-4386-4278-b601-4b7533d839ce?qlt=65&fmt=webp&hei=350&wid=350
Amazfit Bip 5 Smartwatch,$69.99,No,Bluetooth,No,Tizen,Yes,72 hours,16GB,https://target.scene7.com/is/image/Target/GUEST_d580537b-d350-4661-866f-42d32ac8374c?qlt=65&fmt=webp&hei=350&wid=350
iTouch Sport 3 Smartwatch - Black,$49.99,No,Bluetooth,Yes,RTOS,Yes,72 hours,16GB,https://target.scene7.com/is/image/Target/GUEST_789f7552-53a8-4c20-859e-77b7eeac78a4?qlt=65&fmt=webp&hei=350&wid=350
Garmin Forerunner 165 Music,$249.99,Yes,"Bluetooth, Wi-Fi",No,RTOS,Yes,12 hours,32GB,https://target.scene7.com/is/image/Target/GUEST_727b570c-7462-4a08-9974-e6083ad9032d?qlt=65&fmt=webp&hei=350&wid=350
Fitbit Versa 4 Smartwatch Aluminum,$119.95,Yes,Bluetooth,No,RTOS,No,24 hours,4GB,https://target.scene7.com/is/image/Target/GUEST_56ca8f91-56b3-4c96-b9c0-ae7644768be4?qlt=65&fmt=webp&hei=350&wid=350
Samsung Galaxy Watch 5 BT 44mm - Golf Edition,$359.99,Yes,Bluetooth,No,RTOS,No,48 hours,8GB,https://target.scene7.com/is/image/Target/GUEST_731470bd-7498-4895-9260-0280112413dd?qlt=65&fmt=webp&hei=350&wid=350
Garmin Instinct 2 Smartwatch,$199.99,Yes,Wi-Fi,Yes,Wear OS,No,12 hours,16GB,https://target.scene7.com/is/image/Target/GUEST_edfae055-e98a-4b6b-b83d-ee83ddf18729?qlt=65&fmt=webp&hei=350&wid=350
Garmin Venu 3S French Gray and Soft Gold,$349.99,Yes,"Bluetooth, Wi-Fi",Yes,Tizen,Yes,48 hours,32GB,https://target.scene7.com/is/image/Target/GUEST_041794b3-ed00-44ce-afe0-6bb93c8a7c8e?qlt=65&fmt=webp&hei=350&wid=350
Amazfit Bip 3 Pro Smartwatch,$69.99,No,"Bluetooth, Wi-Fi",No,Wear OS,Yes,1 week,16GB,https://target.scene7.com/is/image/Target/GUEST_472ce895-145d-4c58-82e7-84d17d505314?qlt=65&fmt=webp&hei=350&wid=350
Apple Watch Ultra GPS + Cellular Titanium Case,$659.99 - $799.99,Yes,"Bluetooth, Wi-Fi",No,Custom OS,Yes,1 week,64GB,https://target.scene7.com/is/image/Target/GUEST_97e4b9df-7c7a-4925-bc88-cc49b8794e9a?qlt=65&fmt=webp&hei=350&wid=350
Garmin Forerunner 265S with Silicone Band,$349.99,Yes,"Bluetooth, Wi-Fi",Yes,Custom OS,Yes,24 hours,4GB,https://target.scene7.com/is/image/Target/GUEST_8ab69af8-812c-4834-b9b8-40c46f8cee12?qlt=65&fmt=webp&hei=350&wid=350
iTouch Sport 3 Smartwatch - Black,$49.99,Yes,"Bluetooth, Wi-Fi",Yes,Tizen,No,48 hours,32GB,https://target.scene7.com/is/image/Target/GUEST_789f7552-53a8-4c20-859e-77b7eeac78a4?qlt=65&fmt=webp&hei=350&wid=350
Garmin Venu 3S Pebble Gray and Slate,$349.99,Yes,Bluetooth,No,RTOS,Yes,48 hours,32GB,https://target.scene7.com/is/image/Target/GUEST_3102611e-8eea-42d5-aa8a-d87d4fd36264?qlt=65&fmt=webp&hei=350&wid=350
Amazfit Band 7 Smartwatch,$39.99 - $49.99,No,Wi-Fi,Yes,RTOS,No,24 hours,64GB,https://target.scene7.com/is/image/Target/GUEST_ab67670b-8d8a-49dc-ade6-1cd182d63e86?qlt=65&fmt=webp&hei=350&wid=350
Garmin Venu 3S Sage Gray and Passivated,$349.99,No,Wi-Fi,No,Wear OS,No,1 week,64GB,https://target.scene7.com/is/image/Target/GUEST_e49a412d-23fc-45dc-9bed-ba7854011c90?qlt=65&fmt=webp&hei=350&wid=350
Garmin Instinct 2X Solar Tactical Edition,$399.99,Yes,Wi-Fi,Yes,Wear OS,Yes,1 week,8GB,https://target.scene7.com/is/image/Target/GUEST_bb3942d7-111b-4e2c-b6fb-d0886d38c283?qlt=65&fmt=webp&hei=350&wid=350
Apple Watch Series 9 Smartwatch Aluminum Case (2024),$399.99 - $529.99,No,"Bluetooth, Wi-Fi",No,Custom OS,Yes,48 hours,8GB,https://target.scene7.com/is/image/Target/GUEST_f653e0e6-a26c-4848-a7ff-96d4e2c4e3fd?qlt=65&fmt=webp&hei=350&wid=350
Playzoom Kids Smartwatch,$24.99,No,Bluetooth,Yes,Custom OS,Yes,12 hours,32GB,https://target.scene7.com/is/image/Target/GUEST_f3a3a713-6f91-4308-9f44-33f00d6e729e?qlt=65&fmt=webp&hei=350&wid=350
Apple Watch Series 8 GPS + Cellular Stainless Steel Case,$699.99 - $749.99,No,Bluetooth,Yes,RTOS,Yes,12 hours,32GB,https://target.scene7.com/is/image/Target/GUEST_b0475693-2944-4ea8-8e5b-b7a71f0f6abb?qlt=65&fmt=webp&hei=350&wid=350
Cubitt VIVA Pro Smartwatch / Fitness Tracker with 1.78 Touch AMOLED Screen,$99.95,No,"Bluetooth, Wi-Fi",No,Wear OS,No,48 hours,8GB,https://target.scene7.com/is/image/Target/GUEST_81c9bc49-e678-4b34-835c-8076d5b6ad00?qlt=65&fmt=webp&hei=350&wid=350
Google Pixel Watch 3 - LTE,$349.99 - $399.99,No,"Bluetooth, Wi-Fi",Yes,RTOS,Yes,12 hours,32GB,https://target.scene7.com/is/image/Target/GUEST_a145e838-80a9-4ccd-8f68-f1eb4bc25e50?qlt=65&fmt=webp&hei=350&wid=350
Amazfit Cheetah,$124.99,Yes,Bluetooth,Yes,Tizen,Yes,12 hours,64GB,https://target.scene7.com/is/image/Target/GUEST_6eacf6d5-5b4e-4fa2-9e80-95907a8b6c94?qlt=65&fmt=webp&hei=350&wid=350
Garmin Lily 2 Active Lunar Gold with Bone Silicone Band,$299.99,No,"Bluetooth, Wi-Fi",Yes,RTOS,No,24 hours,64GB,https://target.scene7.com/is/image/Target/GUEST_63c1043b-3279-4381-b44d-406cda7a4c3c?qlt=65&fmt=webp&hei=350&wid=350
Garmin Lily 2 Active Silver with Purple Jasmine Silicone Band,$299.99,Yes,Bluetooth,No,Tizen,No,48 hours,64GB,https://target.scene7.com/is/image/Target/GUEST_71890e9d-f823-4da3-be8c-d55d6ae5b888?qlt=65&fmt=webp&hei=350&wid=350
3Plus Vibe Lite Smartwatch,$29.99,No,"Bluetooth, Wi-Fi",No,RTOS,No,72 hours,16GB,https://target.scene7.com/is/image/Target/GUEST_0955ca04-a715-46cb-b2bb-b0b35cdc5ea6?qlt=65&fmt=webp&hei=350&wid=350
Gabb Watch 3e - Smart Watch Phone for Kids,$52.99,No,Bluetooth,Yes,RTOS,No,48 hours,8GB,https://target.scene7.com/is/image/Target/GUEST_f3701cfd-e048-412f-9659-1ecfa2448c23?qlt=65&fmt=webp&hei=350&wid=350
iTouch Active 4 Smartwatch - Blue,$29.99,No,Bluetooth,No,RTOS,No,48 hours,64GB,https://target.scene7.com/is/image/Target/GUEST_1ee6bc78-50c8-4d9b-86ba-faf4230de1c4?qlt=65&fmt=webp&hei=350&wid=350
